Depth,CAL,DEN,GR,AC,SP,RLLD
0,1,2,3,4,5,6
m,in,g/cm3,API,us/m,mv,om
400.375,11,1,96,6,5,0.1
400.25,15,1,300,41,-40,10000
400.125,10,1.1,290,40,-50,1000
400,13,1.2,280,39,-60,100
399.875,7.666666667,1.3,270,38,-70,0.1
399.75,8.066666667,1.4,260,37,-80,1
399.625,8.466666667,1.5,250,36,-90,10
399.5,8.866666667,1.6,240,35,-100,20
399.375,9.266666667,1.7,230,34,-110,30
399.25,9,1.8,220,33,-120,40
399.125,10,1.9,210,32,-130,50
399,12,2,200,31,-140,100
398.875,11,2.1,190,30,-150,200
398.75,10,2.2,180,29,-160,300
398.625,12,2.3,170,28,-170,400
398.5,9,2.4,160,27,-160,500
398.375,10,2.5,150,26,-150,1000
398.25,11,2.6,140,25,-140,2000
398.125,15,2.7,130,24,-130,3000
398,10,2.8,120,23,-120,4000
397.875,13,2.9,110,22,-110,5000
397.75,7.666666667,3,100,21,-100,10000
397.625,8.066666667,3,90,20,-90,20000
397.5,8.466666667,2.9,80,19,-80,30000
397.375,8.866666667,2.8,70,18,-70,40000
397.25,9.266666667,2.7,60,17,-60,50000
397.125,9,2.6,50,16,-50,40000
397,10,2.5,60,17,-40,30000
396.875,12,2.4,70,18,-30,20000
396.75,11,2.3,80,19,-20,10000
396.625,10,2.2,90,20,-10,5000
396.5,12,2.1,100,21,0,4000
396.375,9,2,110,22,10,3000
396.25,10,1.9,120,23,20,2000
396.125,11,1.8,130,24,30,1000
396,15,1.7,140,25,40,500
395.875,10,1.6,150,26,50,400
395.75,13,1.5,160,27,60,300
395.625,7.666666667,1.4,170,28,70,200
395.5,8.066666667,1.3,180,29,80,100
395.375,8.466666667,1.2,190,30,90,50
395.25,8.866666667,1.1,200,40,10,40
395.125,9.266666667,1,300,20,80,30
395,9,2,200,13,15,20
394.875,10,2,180,79,77,10
394.75,12,1.5,98,2,3,1
394.625,11,1,96,6,5,0.1
394.5,10,1,300,41,-40,10000
394.375,12,1.1,290,40,-50,1000
394.25,9,1.2,280,39,-60,100
394.125,10,1.3,270,38,-70,0.1
394,11,1.4,260,37,-80,1
393.875,15,1.5,250,36,-90,10
393.75,10,1.6,240,35,-100,20
393.625,13,1.7,230,34,-110,30
393.5,7.666666667,1.8,220,33,-120,40
393.375,8.066666667,1.9,210,32,-130,50
393.25,8.466666667,2,200,31,-140,100
393.125,8.866666667,2.1,190,30,-150,200
393,9.266666667,2.2,180,29,-160,300
392.875,9,2.3,170,28,-170,400
392.75,10,2.4,160,27,-160,500
392.625,12,2.5,150,26,-150,1000
392.5,11,2.6,140,25,-140,2000
392.375,10,2.7,130,24,-130,3000
392.25,12,2.8,120,23,-120,4000
392.125,9,2.9,110,22,-110,5000
392,10,3,100,21,-100,10000
391.875,11,3,90,20,-90,20000
391.75,15,2.9,80,19,-80,30000
391.625,10,2.8,70,18,-70,40000
391.5,13,2.7,60,17,-60,50000
391.375,7.666666667,2.6,50,16,-50,40000
391.25,8.066666667,2.5,60,17,-40,30000
391.125,8.466666667,2.4,70,18,-30,20000
391,8.866666667,2.3,80,19,-20,10000
390.875,9.266666667,2.2,90,20,-10,5000
390.75,9,2.1,100,21,0,4000
390.625,10,2,110,22,10,3000
390.5,12,1.9,120,23,20,2000
390.375,11,1.8,130,24,30,1000
390.25,10,1.7,140,25,40,500
390.125,12,1.6,150,26,50,400
390,9,1.5,160,27,60,300
389.875,10,1.4,170,28,70,200
389.75,11,1.3,180,29,80,100
389.625,15,1.2,190,30,90,50
389.5,10,1.1,200,40,10,40
389.375,13,1,300,20,80,30
389.25,7.666666667,2,200,13,15,20
389.125,8.066666667,2,180,79,77,10
389,8.466666667,1.5,98,2,3,1
388.875,8.866666667,1,96,6,5,0.1
388.75,9.266666667,1,300,41,-40,10000
388.625,9,1.1,290,40,-50,1000
388.5,10,1.2,280,39,-60,100
388.375,12,1.3,270,38,-70,0.1
388.25,11,1.4,260,37,-80,1
388.125,10,1.5,250,36,-90,10
388,12,1.6,240,35,-100,20
387.875,9,1.7,230,34,-110,30
387.75,10,1.8,220,33,-120,40
387.625,11,1.9,210,32,-130,50
387.5,15,2,200,31,-140,100
387.375,10,2.1,190,30,-150,200
387.25,13,2.2,180,29,-160,300
387.125,7.666666667,2.3,170,28,-170,400
387,8.066666667,2.4,160,27,-160,500
386.875,8.466666667,2.5,150,26,-150,1000
386.75,8.866666667,2.6,140,25,-140,2000
386.625,9.266666667,2.7,130,24,-130,3000
386.5,9,2.8,120,23,-120,4000
386.375,10,2.9,110,22,-110,5000
386.25,12,3,100,21,-100,10000
386.125,11,3,90,20,-90,20000
386,10,2.9,80,19,-80,30000
385.875,12,2.8,70,18,-70,40000
385.75,9,2.7,60,17,-60,50000
385.625,10,2.6,50,16,-50,40000
385.5,11,2.5,60,17,-40,30000
385.375,15,2.4,70,18,-30,20000
385.25,10,2.3,80,19,-20,10000
385.125,13,2.2,90,20,-10,5000
385,7.666666667,2.1,100,21,0,4000
384.875,8.066666667,2,110,22,10,3000
384.75,8.466666667,1.9,120,23,20,2000
384.625,8.866666667,1.8,130,24,30,1000
384.5,9.266666667,1.7,140,25,40,500
384.375,9,1.6,150,26,50,400
384.25,10,1.5,160,27,60,300
384.125,12,1.4,170,28,70,200
384,11,1.3,180,29,80,100
383.875,10,1.2,190,30,90,50
383.75,12,1.1,200,40,10,40
383.625,9,1,300,20,80,30
383.5,10,2,200,13,15,20
383.375,11,2,180,79,77,10
383.25,15,1.5,98,2,3,1
383.125,10,1,96,6,5,0.1
383,13,1,300,41,-40,10000
382.875,7.666666667,1.1,290,40,-50,1000
382.75,8.066666667,1.2,280,39,-60,100
382.625,8.466666667,1.3,270,38,-70,0.1
382.5,8.866666667,1.4,260,37,-80,1
382.375,9.266666667,1.5,250,36,-90,10
382.25,9,1.6,240,35,-100,20
382.125,10,1.7,230,34,-110,30
382,12,1.8,220,33,-120,40
381.875,11,1.9,210,32,-130,50
381.75,10,2,200,31,-140,100
381.625,12,2.1,190,30,-150,200
381.5,9,2.2,180,29,-160,300
381.375,10,2.3,170,28,-170,400
381.25,11,2.4,160,27,-160,500
381.125,15,2.5,150,26,-150,1000
381,10,2.6,140,25,-140,2000
380.875,13,2.7,130,24,-130,3000
380.75,7.666666667,2.8,120,23,-120,4000
380.625,8.066666667,2.9,110,22,-110,5000
380.5,8.466666667,3,100,21,-100,10000
380.375,8.866666667,3,90,20,-90,20000
380.25,9.266666667,2.9,80,19,-80,30000
380.125,9,2.8,70,18,-70,40000
380,10,2.7,60,17,-60,50000
379.875,12,2.6,50,16,-50,40000
379.75,11,2.5,60,17,-40,30000
379.625,10,2.4,70,18,-30,20000
379.5,12,2.3,80,19,-20,10000
379.375,9,2.2,90,20,-10,5000
379.25,10,2.1,100,21,0,4000
379.125,11,2,110,22,10,3000
379,15,1.9,120,23,20,2000
378.875,10,1.8,130,24,30,1000
378.75,13,1.7,140,25,40,500
378.625,7.666666667,1.6,150,26,50,400
378.5,8.066666667,1.5,160,27,60,300
378.375,8.466666667,1.4,170,28,70,200
378.25,8.866666667,1.3,180,29,80,100
378.125,9.266666667,1.2,190,30,90,50
378,9,1.1,200,40,10,40
377.875,10,1,300,20,80,30
377.75,12,2,200,13,15,20
377.625,11,2,180,79,77,10
377.5,10,1.5,98,2,3,1
377.375,12,1,96,6,5,0.1
377.25,11,1.6,240,35,-100,20
377.125,10,1.7,230,34,-110,30
377,12,1.8,220,33,-120,40
376.875,9,1.9,210,32,-130,50
376.75,10,2,200,31,-140,100
376.625,11,2.1,190,30,-150,200
376.5,15,2.2,180,29,-160,300
376.375,10,2.3,170,28,-170,400
376.25,13,2.4,160,27,-160,500
376.125,7.666666667,2.5,150,26,-150,1000
376,8.066666667,2.6,140,25,-140,2000
375.875,8.466666667,2.7,130,24,-130,3000
375.75,8.866666667,2.8,120,23,-120,4000
375.625,9.266666667,2.9,110,22,-110,5000
375.5,9,3,100,21,-100,10000
375.375,10,3,90,20,-90,20000
375.25,12,2.9,80,19,-80,30000
375.125,11,2.8,70,18,-70,40000
375,10,2.7,60,17,-60,50000
374.875,12,2.6,50,16,-50,40000
374.75,9,2.5,60,17,-40,30000
374.625,10,2.4,70,18,-30,20000
374.5,11,2.3,80,19,-20,10000
374.375,15,2.2,90,20,-10,5000
374.25,10,2.1,100,21,0,4000
374.125,13,2,110,22,10,3000
374,7.666666667,1.9,120,23,20,2000
373.875,8.066666667,1.8,130,24,30,1000
373.75,8.466666667,1.7,140,25,40,500
373.625,8.866666667,1.6,150,26,50,400
373.5,9.266666667,1.5,160,27,60,300
373.375,9,1.4,170,28,70,200
373.25,10,1.3,180,29,80,100
373.125,12,1.2,190,30,90,50
373,11,1.1,200,40,10,40
372.875,10,1,300,20,80,30
372.75,12,2,200,13,15,20
372.625,9,2,180,79,77,10
372.5,10,1.5,98,2,3,1
372.375,11,1,96,6,5,0.1
372.25,15,1,300,41,-40,10000
372.125,10,1.1,290,40,-50,1000
372,13,1.2,280,39,-60,100
371.875,7.666666667,1.3,270,38,-70,0.1
371.75,8.066666667,1.4,260,37,-80,1
371.625,8.466666667,1.5,250,36,-90,10
371.5,8.866666667,1.6,240,35,-100,20
371.375,9.266666667,1.7,230,34,-110,30
371.25,9,1.8,220,33,-120,40
371.125,10,1.9,210,32,-130,50
371,12,2,200,31,-140,100
370.875,11,2.1,190,30,-150,200
370.75,10,2.2,180,29,-160,300
370.625,12,2.3,170,28,-170,400
370.5,9,2.4,160,27,-160,500
370.375,10,2.5,150,26,-150,1000
370.25,11,2.6,140,25,-140,2000
370.125,15,2.7,130,24,-130,3000
370,10,2.8,120,23,-120,4000
369.875,13,2.9,110,22,-110,5000
369.75,7.666666667,3,100,21,-100,10000
369.625,8.066666667,3,90,20,-90,20000
369.5,8.466666667,2.9,80,19,-80,30000
369.375,8.866666667,2.8,70,18,-70,40000
369.25,9.266666667,2.7,60,17,-60,50000
369.125,9,2.6,50,16,-50,40000
369,10,2.5,60,17,-40,30000
368.875,12,2.4,70,18,-30,20000
368.75,11,2.3,80,19,-20,10000
368.625,10,2.2,90,20,-10,5000
368.5,12,2.1,100,21,0,4000
368.375,9,2,110,22,10,3000
368.25,10,1.9,120,23,20,2000
368.125,11,1.8,130,24,30,1000
368,15,1.7,140,25,40,500
367.875,10,1.6,150,26,50,400
367.75,13,1.5,160,27,60,300
367.625,7.666666667,1.4,170,28,70,200
367.5,8.066666667,1.3,180,29,80,100
367.375,8.466666667,1.2,190,30,90,50
367.25,8.866666667,1.1,200,40,10,40
367.125,9.266666667,1,300,20,80,30
367,9,2,200,13,15,20
366.875,10,2,180,79,77,10
366.75,12,1.5,98,2,3,1
366.625,11,1,96,6,5,0.1
366.5,10,1,300,41,-40,10000
366.375,12,1.1,290,40,-50,1000
366.25,9,1.2,280,39,-60,100
366.125,10,1.3,270,38,-70,0.1
366,11,1.4,260,37,-80,1
365.875,15,1.5,250,36,-90,10
365.75,10,1.6,240,35,-100,20
365.625,13,1.7,230,34,-110,30
365.5,7.666666667,1.8,220,33,-120,40
365.375,8.066666667,1.9,210,32,-130,50
365.25,8.466666667,2,200,31,-140,100
365.125,8.866666667,2.1,190,30,-150,200
365,9.266666667,2.2,180,29,-160,300
364.875,9,2.3,170,28,-170,400
364.75,10,2.4,160,27,-160,500
364.625,12,2.5,150,26,-150,1000
364.5,11,2.6,140,25,-140,2000
364.375,10,2.7,130,24,-130,3000
364.25,12,2.8,120,23,-120,4000
364.125,9,2.9,110,22,-110,5000
364,10,3,100,21,-100,10000
363.875,11,3,90,20,-90,20000
363.75,15,2.9,80,19,-80,30000
363.625,10,2.8,70,18,-70,40000
363.5,13,2.7,60,17,-60,50000
363.375,7.666666667,2.6,50,16,-50,40000
363.25,8.066666667,2.5,60,17,-40,30000
363.125,8.466666667,2.4,70,18,-30,20000
363,8.866666667,2.3,80,19,-20,10000
362.875,9.266666667,2.2,90,20,-10,5000
362.75,9,2.1,100,21,0,4000
362.625,10,2,110,22,10,3000
362.5,12,1.9,120,23,20,2000
362.375,11,1.8,130,24,30,1000
362.25,10,1.7,140,25,40,500
362.125,12,1.6,150,26,50,400
362,9,1.5,160,27,60,300
361.875,10,1.4,170,28,70,200
361.75,11,1.3,180,29,80,100
361.625,15,1.2,190,30,90,50
361.5,10,1.1,200,40,10,40
361.375,13,1,300,20,80,30
361.25,7.666666667,2,200,13,15,20
361.125,8.066666667,2,180,79,77,10
361,8.466666667,1.5,98,2,3,1
360.875,8.866666667,1,96,6,5,0.1
360.75,9.266666667,1,300,41,-40,10000
360.625,9,1.1,290,40,-50,1000
360.5,10,1.2,280,39,-60,100
360.375,12,1.3,270,38,-70,0.1
360.25,11,1.4,260,37,-80,1
360.125,10,1.5,250,36,-90,10
360,12,1.6,240,35,-100,20
359.875,9,1.7,230,34,-110,30
359.75,10,1.8,220,33,-120,40
359.625,11,1.9,210,32,-130,50
359.5,15,2,200,31,-140,100
359.375,10,2.1,190,30,-150,200
359.25,13,2.2,180,29,-160,300
359.125,7.666666667,2.3,170,28,-170,400
359,8.066666667,2.4,160,27,-160,500
358.875,8.466666667,2.5,150,26,-150,1000
358.75,8.866666667,2.6,140,25,-140,2000
358.625,9.266666667,2.7,130,24,-130,3000
358.5,9,2.8,120,23,-120,4000
358.375,10,2.9,110,22,-110,5000
358.25,12,3,100,21,-100,10000
358.125,11,3,90,20,-90,20000
358,10,2.9,80,19,-80,30000
357.875,12,2.8,70,18,-70,40000
357.75,9,2.7,60,17,-60,50000
357.625,10,2.6,50,16,-50,40000
357.5,11,2.5,60,17,-40,30000
357.375,15,2.4,70,18,-30,20000
357.25,10,2.3,80,19,-20,10000
357.125,13,2.2,90,20,-10,5000
357,7.666666667,2.1,100,21,0,4000
356.875,8.066666667,2,110,22,10,3000
356.75,8.466666667,1.9,120,23,20,2000
356.625,8.866666667,1.8,130,24,30,1000
356.5,9.266666667,1.7,140,25,40,500
356.375,9,1.6,150,26,50,400
356.25,10,1.5,160,27,60,300
356.125,12,1.4,170,28,70,200
356,11,1.3,180,29,80,100
355.875,10,1.2,190,30,90,50
355.75,12,1.1,200,40,10,40
355.625,9,1,300,20,80,30
355.5,10,2,200,13,15,20
355.375,11,2,180,79,77,10
355.25,15,1.5,98,2,3,1
355.125,10,1,96,6,5,0.1
355,13,1,300,41,-40,10000
354.875,7.666666667,1.1,290,40,-50,1000
354.75,8.066666667,1.2,280,39,-60,100
354.625,8.466666667,1.3,270,38,-70,0.1
354.5,8.866666667,1.4,260,37,-80,1
354.375,9.266666667,1.5,250,36,-90,10
354.25,9,1.6,240,35,-100,20
354.125,10,1.7,230,34,-110,30
354,12,1.8,220,33,-120,40
353.875,11,1.9,210,32,-130,50
353.75,10,2,200,31,-140,100
353.625,12,2.1,190,30,-150,200
353.5,9,2.2,180,29,-160,300
353.375,10,2.3,170,28,-170,400
353.25,11,2.4,160,27,-160,500
353.125,15,2.5,150,26,-150,1000
353,10,2.6,140,25,-140,2000
352.875,13,2.7,130,24,-130,3000
352.75,7.666666667,2.8,120,23,-120,4000
352.625,8.066666667,2.9,110,22,-110,5000
352.5,8.466666667,3,100,21,-100,10000
352.375,8.866666667,3,90,20,-90,20000
352.25,9.266666667,2.9,80,19,-80,30000
352.125,9,2.8,70,18,-70,40000
352,10,2.7,60,17,-60,50000
351.875,12,2.6,50,16,-50,40000
351.75,11,2.5,60,17,-40,30000
351.625,10,2.4,70,18,-30,20000
351.5,12,2.3,80,19,-20,10000
351.375,9,2.2,90,20,-10,5000
351.25,10,2.1,100,21,0,4000
351.125,11,2,110,22,10,3000
351,15,1.9,120,23,20,2000
350.875,10,1.8,130,24,30,1000
350.75,13,1.7,140,25,40,500
350.625,7.666666667,1.6,150,26,50,400
350.5,8.066666667,1.5,160,27,60,300
350.375,8.466666667,1.4,170,28,70,200
350.25,8.866666667,1.3,180,29,80,100
350.125,9.266666667,1.2,190,30,90,50
350,9,1.1,200,40,10,40
349.875,10,1,300,20,80,30
349.75,12,2,200,13,15,20
349.625,11,2,180,79,77,10
349.5,10,1.5,98,2,3,1
349.375,12,1,96,6,5,0.1
349.25,9,1,300,41,-40,10000
349.125,10,1.1,290,40,-50,1000
349,11,1.2,280,39,-60,100
348.875,15,1.3,270,38,-70,0.1
348.75,10,1.4,260,37,-80,1
348.625,13,1.5,250,36,-90,10
348.5,7.666666667,1.6,240,35,-100,20
348.375,8.066666667,1.7,230,34,-110,30
348.25,8.466666667,1.8,220,33,-120,40
348.125,8.866666667,1.9,210,32,-130,50
348,9.266666667,2,200,31,-140,100
347.875,9,2.1,190,30,-150,200
347.75,10,2.2,180,29,-160,300
347.625,12,2.3,170,28,-170,400
347.5,11,2.4,160,27,-160,500
347.375,10,2.5,150,26,-150,1000
347.25,12,2.6,140,25,-140,2000
347.125,9,2.7,130,24,-130,3000
347,10,2.8,120,23,-120,4000
346.875,11,2.9,110,22,-110,5000
346.75,15,3,100,21,-100,10000
346.625,10,3,90,20,-90,20000
346.5,13,2.9,80,19,-80,30000
346.375,7.666666667,2.8,70,18,-70,40000
346.25,8.066666667,2.7,60,17,-60,50000
346.125,8.466666667,2.6,50,16,-50,40000
346,8.866666667,2.5,60,17,-40,30000
345.875,9.266666667,2.4,70,18,-30,20000
345.75,9,2.3,80,19,-20,10000
345.625,10,2.2,90,20,-10,5000
345.5,12,2.1,100,21,0,4000
345.375,11,2,110,22,10,3000
345.25,10,1.9,120,23,20,2000
345.125,12,1.8,130,24,30,1000
345,9,1.7,140,25,40,500
344.875,10,1.6,150,26,50,400
344.75,11,1.5,160,27,60,300
344.625,15,1.4,170,28,70,200
344.5,10,1.3,180,29,80,100
344.375,13,1.2,190,30,90,50
344.25,7.666666667,1.1,200,40,10,40
344.125,8.066666667,1,300,20,80,30
344,8.466666667,2,200,13,15,20
343.875,8.866666667,2,180,79,77,10
343.75,9.266666667,1.5,98,2,3,1
343.625,9,1,96,6,5,0.1
343.5,10,1,300,41,-40,10000
343.375,12,1.1,290,40,-50,1000
343.25,11,1.2,280,39,-60,100
343.125,10,1.3,270,38,-70,0.1
343,12,1.4,260,37,-80,1
342.875,9,1.5,250,36,-90,10
342.75,10,1.6,240,35,-100,20
342.625,11,1.7,230,34,-110,30
342.5,15,1.8,220,33,-120,40
342.375,10,1.9,210,32,-130,50
342.25,13,2,200,31,-140,100
342.125,7.666666667,2.1,190,30,-150,200
342,8.066666667,2.2,180,29,-160,300
341.875,8.466666667,2.3,170,28,-170,400
341.75,8.866666667,2.4,160,27,-160,500
341.625,9.266666667,2.5,150,26,-150,1000
341.5,9,2.6,140,25,-140,2000
341.375,10,2.7,130,24,-130,3000
341.25,12,2.8,120,23,-120,4000
341.125,11,2.9,110,22,-110,5000
341,10,3,100,21,-100,10000
340.875,12,3,90,20,-90,20000
340.75,9,2.9,80,19,-80,30000
340.625,10,2.8,70,18,-70,40000
340.5,11,2.7,60,17,-60,50000
340.375,15,2.6,50,16,-50,40000
340.25,10,2.5,60,17,-40,30000
340.125,13,2.4,70,18,-30,20000
340,7.666666667,2.3,80,19,-20,10000
339.875,8.066666667,2.2,90,20,-10,5000
339.75,8.466666667,2.1,100,21,0,4000
339.625,8.866666667,2,110,22,10,3000
339.5,9.266666667,1.9,120,23,20,2000
339.375,9,1.8,130,24,30,1000
339.25,10,1.7,140,25,40,500
339.125,12,1.6,150,26,50,400
339,11,1.5,160,27,60,300
338.875,10,1.4,170,28,70,200
338.75,12,1.3,180,29,80,100
338.625,9,1.2,190,30,90,50
338.5,10,1.1,200,40,10,40
338.375,11,1,300,20,80,30
338.25,15,2,200,13,15,20
338.125,10,2,180,79,77,10
338,13,1.5,98,2,3,1
337.875,7.666666667,1,96,6,5,0.1
337.75,8.066666667,1,300,41,-40,10000
337.625,8.466666667,1.1,290,40,-50,1000
337.5,8.866666667,1.2,280,39,-60,100
337.375,9.266666667,1.3,270,38,-70,0.1
337.25,9,1.4,260,37,-80,1
337.125,10,1.5,250,36,-90,10
337,12,1.6,240,35,-100,20
336.875,11,1.7,230,34,-110,30
336.75,10,1.8,220,33,-120,40
336.625,12,1.9,210,32,-130,50
336.5,9,2,200,31,-140,100
336.375,10,2.1,190,30,-150,200
336.25,11,2.2,180,29,-160,300
336.125,15,2.3,170,28,-170,400
336,10,2.4,160,27,-160,500
335.875,13,2.5,150,26,-150,1000
335.75,7.666666667,2.6,140,25,-140,2000
335.625,8.066666667,2.7,130,24,-130,3000
335.5,8.466666667,2.8,120,23,-120,4000
335.375,8.866666667,2.9,110,22,-110,5000
335.25,9.266666667,3,100,21,-100,10000
335.125,9,3,90,20,-90,20000
335,10,2.9,80,19,-80,30000
334.875,12,2.8,70,18,-70,40000
334.75,11,2.7,60,17,-60,50000
334.625,10,2.6,50,16,-50,40000
334.5,12,2.5,60,17,-40,30000
334.375,9,2.4,70,18,-30,20000
334.25,10,2.3,80,19,-20,10000
334.125,11,2.2,90,20,-10,5000
334,15,2.1,100,21,0,4000
333.875,10,2,110,22,10,3000
333.75,13,1.9,120,23,20,2000
333.625,7.666666667,1.8,130,24,30,1000
333.5,8.066666667,1.7,140,25,40,500
333.375,8.466666667,1.6,150,26,50,400
333.25,8.866666667,1.5,160,27,60,300
333.125,9.266666667,1.4,170,28,70,200
333,9,1.3,180,29,80,100
332.875,10,1.2,190,30,90,50
332.75,12,1.1,200,40,10,40
332.625,11,1,300,20,80,30
332.5,10,2,200,13,15,20
332.375,12,2,180,79,77,10
332.25,9,1.5,98,2,3,1
332.125,10,1,96,6,5,0.1
332,11,1,300,41,-40,10000
331.875,15,1.1,290,40,-50,1000
331.75,10,1.2,280,39,-60,100
331.625,13,1.3,270,38,-70,0.1
331.5,7.666666667,1.4,260,37,-80,1
331.375,8.066666667,1.5,250,36,-90,10
331.25,8.466666667,1.6,240,35,-100,20
331.125,8.866666667,1.7,230,34,-110,30
331,9.266666667,1.8,220,33,-120,40
330.875,9,1.9,210,32,-130,50
330.75,10,2,200,31,-140,100
330.625,12,2.1,190,30,-150,200
330.5,11,2.2,180,29,-160,300
330.375,10,2.3,170,28,-170,400
330.25,12,2.4,160,27,-160,500
330.125,9,2.5,150,26,-150,1000
330,10,2.6,140,25,-140,2000
329.875,11,2.7,130,24,-130,3000
329.75,15,2.8,120,23,-120,4000
329.625,10,2.9,110,22,-110,5000
329.5,13,3,100,21,-100,10000
329.375,7.666666667,3,90,20,-90,20000
329.25,8.066666667,2.9,80,19,-80,30000
329.125,8.466666667,2.8,70,18,-70,40000
329,8.866666667,2.7,60,17,-60,50000
328.875,9.266666667,2.6,50,16,-50,40000
328.75,9,2.5,60,17,-40,30000
328.625,10,2.4,70,18,-30,20000
328.5,12,2.3,80,19,-20,10000
328.375,11,2.2,90,20,-10,5000
328.25,10,2.1,100,21,0,4000
328.125,12,2,110,22,10,3000
328,9,1.9,120,23,20,2000
327.875,10,1.8,130,24,30,1000
327.75,11,1.7,140,25,40,500
327.625,15,1.6,150,26,50,400
327.5,10,1.5,160,27,60,300
327.375,13,1.4,170,28,70,200
327.25,7.666666667,1.3,180,29,80,100
327.125,8.066666667,1.2,190,30,90,50
327,8.466666667,1.1,200,40,10,40
326.875,8.866666667,1,300,20,80,30
326.75,9.266666667,2,200,13,15,20
326.625,9,2,180,79,77,10
326.5,10,1.5,98,2,3,1
326.375,12,1,96,6,5,0.1
326.25,11,1,300,41,-40,10000
326.125,10,1.1,290,40,-50,1000
326,12,1.2,280,39,-60,100
325.875,9,1.3,270,38,-70,0.1
325.75,10,1.4,260,37,-80,1
325.625,11,1.5,250,36,-90,10
325.5,15,1.6,240,35,-100,20
325.375,10,1.7,230,34,-110,30
325.25,13,1.8,220,33,-120,40
325.125,7.666666667,1.9,210,32,-130,50
325,8.066666667,2,200,31,-140,100
324.875,8.466666667,2.1,190,30,-150,200
324.75,8.866666667,2.2,180,29,-160,300
324.625,9.266666667,2.3,170,28,-170,400
324.5,9,2.4,160,27,-160,500
324.375,10,2.5,150,26,-150,1000
324.25,12,2.6,140,25,-140,2000
324.125,11,2.7,130,24,-130,3000
324,10,2.8,120,23,-120,4000
323.875,12,2.9,110,22,-110,5000
323.75,9,3,100,21,-100,10000
323.625,10,3,90,20,-90,20000
323.5,11,2.9,80,19,-80,30000
323.375,15,2.8,70,18,-70,40000
323.25,10,2.7,60,17,-60,50000
323.125,13,2.6,50,16,-50,40000
323,7.666666667,2.5,60,17,-40,30000
322.875,8.066666667,2.4,70,18,-30,20000
322.75,8.466666667,2.3,80,19,-20,10000
322.625,8.866666667,2.2,90,20,-10,5000
322.5,9.266666667,2.1,100,21,0,4000
322.375,9,2,110,22,10,3000
322.25,10,1.9,120,23,20,2000
322.125,12,1.8,130,24,30,1000
322,11,1.7,140,25,40,500
321.875,10,1.6,150,26,50,400
321.75,12,1.5,160,27,60,300
321.625,9,1.4,170,28,70,200
321.5,10,1.3,180,29,80,100
321.375,11,1.2,190,30,90,50
321.25,15,1.1,200,40,10,40
321.125,10,1,300,20,80,30
321,13,2,200,13,15,20
320.875,7.666666667,2,180,79,77,10
320.75,8.066666667,1.5,98,2,3,1
320.625,8.466666667,1,96,6,5,0.1
320.5,8.866666667,1,300,41,-40,10000
320.375,9.266666667,1.1,290,40,-50,1000
320.25,9,1.2,280,39,-60,100
320.125,10,1.3,270,38,-70,0.1
320,12,1.4,260,37,-80,1
319.875,11,1.5,250,36,-90,10
319.75,10,1.6,240,35,-100,20
319.625,12,1.7,230,34,-110,30
319.5,9,1.8,220,33,-120,40
319.375,10,1.9,210,32,-130,50
319.25,11,2,200,31,-140,100
319.125,15,2.1,190,30,-150,200
319,10,2.2,180,29,-160,300
318.875,13,2.3,170,28,-170,400
318.75,7.666666667,2.4,160,27,-160,500
318.625,8.066666667,2.5,150,26,-150,1000
318.5,8.466666667,2.6,140,25,-140,2000
318.375,8.866666667,2.7,130,24,-130,3000
318.25,9.266666667,2.8,120,23,-120,4000
318.125,9,2.9,110,22,-110,5000
318,10,3,100,21,-100,10000
317.875,12,3,90,20,-90,20000
317.75,11,2.9,80,19,-80,30000
317.625,10,2.8,70,18,-70,40000
317.5,12,2.7,60,17,-60,50000
317.375,9,2.6,50,16,-50,40000
317.25,10,2.5,60,17,-40,30000
317.125,11,2.4,70,18,-30,20000
317,15,2.3,80,19,-20,10000
316.875,10,2.2,90,20,-10,5000
316.75,13,2.1,100,21,0,4000
316.625,7.666666667,2,110,22,10,3000
316.5,8.066666667,1.9,120,23,20,2000
316.375,8.466666667,1.8,130,24,30,1000
316.25,8.866666667,1.7,140,25,40,500
316.125,9.266666667,1.6,150,26,50,400
316,9,1.5,160,27,60,300
315.875,10,1.4,170,28,70,200
315.75,12,1.3,180,29,80,100
315.625,11,1.2,190,30,90,50
315.5,10,1.1,200,40,10,40
315.375,12,1,300,20,80,30
315.25,9,2,200,13,15,20
315.125,10,2,180,79,77,10
315,11,1.5,98,2,3,1
314.875,15,1,96,6,5,0.1
314.75,10,1,300,41,-40,10000
314.625,13,1.1,290,40,-50,1000
314.5,7.666666667,1.2,280,39,-60,100
314.375,8.066666667,1.3,270,38,-70,0.1
314.25,8.466666667,1.4,260,37,-80,1
314.125,8.866666667,1.5,250,36,-90,10
314,9.266666667,1.6,240,35,-100,20
313.875,9,1.7,230,34,-110,30
313.75,10,1.8,220,33,-120,40
313.625,12,1.9,210,32,-130,50
313.5,11,2,200,31,-140,100
313.375,10,2.1,190,30,-150,200
313.25,12,2.2,180,29,-160,300
313.125,9,2.3,170,28,-170,400
313,10,2.4,160,27,-160,500
312.875,11,2.5,150,26,-150,1000
312.75,15,2.6,140,25,-140,2000
312.625,10,2.7,130,24,-130,3000
312.5,13,2.8,120,23,-120,4000
312.375,7.666666667,2.9,110,22,-110,5000
312.25,8.066666667,3,100,21,-100,10000
312.125,8.466666667,3,90,20,-90,20000
312,8.866666667,2.9,80,19,-80,30000
311.875,9.266666667,2.8,70,18,-70,40000
311.75,9,2.7,60,17,-60,50000
311.625,10,2.6,50,16,-50,40000
311.5,12,2.5,60,17,-40,30000
311.375,11,2.4,70,18,-30,20000
311.25,10,2.3,80,19,-20,10000
311.125,12,2.2,90,20,-10,5000
311,9,2.1,100,21,0,4000
310.875,10,2,110,22,10,3000
310.75,11,1.9,120,23,20,2000
310.625,15,1.8,130,24,30,1000
310.5,10,1.7,140,25,40,500
310.375,13,1.6,150,26,50,400
310.25,7.666666667,1.5,160,27,60,300
310.125,8.066666667,1.4,170,28,70,200
310,8.466666667,1.3,180,29,80,100
309.875,8.866666667,1.2,190,30,90,50
309.75,9.266666667,1.1,200,40,10,40
309.625,9,1,300,20,80,30
309.5,10,2,200,13,15,20
309.375,12,2,180,79,77,10
309.25,11,1.5,98,2,3,1
309.125,10,1,96,6,5,0.1
309,12,1,300,41,-40,10000
308.875,9,1.1,290,40,-50,1000
308.75,10,1.2,280,39,-60,100
308.625,11,1.3,270,38,-70,0.1
308.5,15,1.4,260,37,-80,1
308.375,10,1.5,250,36,-90,10
308.25,13,1.6,240,35,-100,20
308.125,7.666666667,1.7,230,34,-110,30
308,8.066666667,1.8,220,33,-120,40
307.875,8.466666667,1.9,210,32,-130,50
307.75,8.866666667,2,200,31,-140,100
307.625,9.266666667,2.1,190,30,-150,200
307.5,9,2.2,180,29,-160,300
307.375,10,2.3,170,28,-170,400
307.25,12,2.4,160,27,-160,500
307.125,11,2.5,150,26,-150,1000
307,10,2.6,140,25,-140,2000
306.875,12,2.7,130,24,-130,3000
306.75,9,2.8,120,23,-120,4000
306.625,10,2.9,110,22,-110,5000
306.5,11,3,100,21,-100,10000
306.375,15,3,90,20,-90,20000
306.25,10,2.9,80,19,-80,30000
306.125,13,2.8,70,18,-70,40000
306,7.666666667,2.7,60,17,-60,50000
305.875,8.066666667,2.6,50,16,-50,40000
305.75,8.466666667,2.5,60,17,-40,30000
305.625,8.866666667,2.4,70,18,-30,20000
305.5,9.266666667,2.3,80,19,-20,10000
305.375,9,2.2,90,20,-10,5000
305.25,10,2.1,100,21,0,4000
305.125,12,2,110,22,10,3000
305,11,1.9,120,23,20,2000
304.875,10,1.8,130,24,30,1000
304.75,12,1.7,140,25,40,500
304.625,9,1.6,150,26,50,400
304.5,10,1.5,160,27,60,300
304.375,11,1.4,170,28,70,200
304.25,15,1.3,180,29,80,100
304.125,10,1.2,190,30,90,50
304,13,1.1,200,40,10,40
303.875,7.666666667,1,300,20,80,30
303.75,8.066666667,2,200,13,15,20
303.625,8.466666667,2,180,79,77,10
303.5,8.866666667,1.5,98,2,3,1
303.375,9.266666667,1,96,6,5,0.1
303.25,9,1,300,41,-40,10000
303.125,10,1.1,290,40,-50,1000
303,12,1.2,280,39,-60,100
302.875,11,1.3,270,38,-70,0.1
302.75,10,1.4,260,37,-80,1
302.625,12,1.5,250,36,-90,10
302.5,9,1.6,240,35,-100,20
302.375,10,1.7,230,34,-110,30
302.25,11,1.8,220,33,-120,40
302.125,15,1.9,210,32,-130,50
302,10,2,200,31,-140,100
301.875,13,2.1,190,30,-150,200
301.75,7.666666667,2.2,180,29,-160,300
301.625,8.066666667,2.3,170,28,-170,400
301.5,8.466666667,2.4,160,27,-160,500
301.375,8.866666667,2.5,150,26,-150,1000
301.25,9.266666667,2.6,140,25,-140,2000
301.125,9,2.7,130,24,-130,3000
301,10,2.8,120,23,-120,4000
300.875,12,2.9,110,22,-110,5000
300.75,11,3,100,21,-100,10000
300.625,10,3,90,20,-90,20000
300.5,12,2.9,80,19,-80,30000
300.375,9,2.8,70,18,-70,40000
300.25,10,2.7,60,17,-60,50000
300.125,11,2.6,50,16,-50,40000
300,15,2.5,60,17,-40,30000
299.875,10,2.4,70,18,-30,20000
299.75,13,2.3,80,19,-20,10000
299.625,7.666666667,2.2,90,20,-10,5000
299.5,8.066666667,2.1,100,21,0,4000
299.375,8.466666667,2,110,22,10,3000
299.25,8.866666667,1.9,120,23,20,2000
299.125,9.266666667,1.8,130,24,30,1000
299,9,1.7,140,25,40,500
298.875,10,1.6,150,26,50,400
298.75,12,1.5,160,27,60,300
298.625,11,1.4,170,28,70,200
298.5,10,1.3,180,29,80,100
298.375,12,1.2,190,30,90,50
298.25,9,1.1,200,40,10,40
298.125,10,1,300,20,80,30
298,11,2,200,13,15,20
297.875,15,2,180,79,77,10
297.75,10,1.5,98,2,3,1
297.625,13,1,96,6,5,0.1
297.5,7.666666667,1,300,41,-40,10000
297.375,8.066666667,1.1,290,40,-50,1000
297.25,8.466666667,1.2,280,39,-60,100
297.125,8.866666667,1.3,270,38,-70,0.1
297,9.266666667,1.4,260,37,-80,1
296.875,9,1.5,250,36,-90,10
296.75,10,1.6,240,35,-100,20
296.625,12,1.7,230,34,-110,30
296.5,11,1.8,220,33,-120,40
296.375,10,1.9,210,32,-130,50
296.25,12,2,200,31,-140,100
296.125,9,2.1,190,30,-150,200
296,10,2.2,180,29,-160,300
295.875,11,2.3,170,28,-170,400
295.75,15,2.4,160,27,-160,500
295.625,10,2.5,150,26,-150,1000
295.5,13,2.6,140,25,-140,2000
295.375,7.666666667,2.7,130,24,-130,3000
295.25,8.066666667,2.8,120,23,-120,4000
295.125,8.466666667,2.9,110,22,-110,5000
295,8.866666667,3,100,21,-100,10000
294.875,9.266666667,3,90,20,-90,20000
294.75,9,2.9,80,19,-80,30000
294.625,10,2.8,70,18,-70,40000
294.5,12,2.7,60,17,-60,50000
294.375,11,2.6,50,16,-50,40000
294.25,10,2.5,60,17,-40,30000
294.125,12,2.4,70,18,-30,20000
294,9,2.3,80,19,-20,10000
293.875,10,2.2,90,20,-10,5000
293.75,11,2.1,100,21,0,4000
293.625,15,2,110,22,10,3000
293.5,10,1.9,120,23,20,2000
293.375,13,1.8,130,24,30,1000
293.25,7.666666667,1.7,140,25,40,500
293.125,8.066666667,1.6,150,26,50,400
293,8.466666667,1.5,160,27,60,300
292.875,8.866666667,1.4,170,28,70,200
292.75,9.266666667,1.3,180,29,80,100
292.625,9,1.2,190,30,90,50
292.5,10,1.1,200,40,10,40
292.375,12,1,300,20,80,30
292.25,11,2,200,13,15,20
292.125,10,2,180,79,77,10
292,12,1.5,98,2,3,1
291.875,9,1,96,6,5,0.1
291.75,10,1,300,41,-40,10000
291.625,11,1.1,290,40,-50,1000
291.5,15,1.2,280,39,-60,100
291.375,10,1.3,270,38,-70,0.1
291.25,13,1.4,260,37,-80,1
291.125,7.666666667,1.5,250,36,-90,10
291,8.066666667,1.6,240,35,-100,20
290.875,8.466666667,1.7,230,34,-110,30
290.75,8.866666667,1.8,220,33,-120,40
290.625,9.266666667,1.9,210,32,-130,50
290.5,9,2,200,31,-140,100
290.375,10,2.1,190,30,-150,200
290.25,12,2.2,180,29,-160,300
290.125,11,2.3,170,28,-170,400
290,10,2.4,160,27,-160,500
289.875,12,2.5,150,26,-150,1000
289.75,9,2.6,140,25,-140,2000
289.625,10,2.7,130,24,-130,3000
289.5,11,2.8,120,23,-120,4000
289.375,15,2.9,110,22,-110,5000
289.25,10,3,100,21,-100,10000
289.125,13,3,90,20,-90,20000
289,7.666666667,2.9,80,19,-80,30000
288.875,8.066666667,2.8,70,18,-70,40000
288.75,8.466666667,2.7,60,17,-60,50000
288.625,8.866666667,2.6,50,16,-50,40000
288.5,9.266666667,2.5,60,17,-40,30000
288.375,9,2.4,70,18,-30,20000
288.25,10,2.3,80,19,-20,10000
288.125,12,2.2,90,20,-10,5000
288,11,2.1,100,21,0,4000
287.875,10,2,110,22,10,3000
287.75,12,1.9,120,23,20,2000
287.625,9,1.8,130,24,30,1000
287.5,10,1.7,140,25,40,500
287.375,11,1.6,150,26,50,400
287.25,15,1.5,160,27,60,300
287.125,10,1.4,170,28,70,200
287,13,1.3,180,29,80,100
286.875,7.666666667,1.2,190,30,90,50
286.75,8.066666667,1.1,200,40,10,40
286.625,8.466666667,1,300,20,80,30
286.5,8.866666667,2,200,13,15,20
286.375,9.266666667,2,180,79,77,10
286.25,9,1.5,98,2,3,1
286.125,10,1,96,6,5,0.1
286,12,1,300,41,-40,10000
285.875,11,1.1,290,40,-50,1000
285.75,10,1.2,280,39,-60,100
285.625,12,1.3,270,38,-70,0.1
285.5,9,1.4,260,37,-80,1
285.375,10,1.5,250,36,-90,10
285.25,11,1.6,240,35,-100,20
285.125,15,1.7,230,34,-110,30
285,10,1.8,220,33,-120,40
284.875,13,1.9,210,32,-130,50
284.75,7.666666667,2,200,31,-140,100
284.625,8.066666667,2.1,190,30,-150,200
284.5,8.466666667,2.2,180,29,-160,300
284.375,8.866666667,2.3,170,28,-170,400
284.25,9.266666667,2.4,160,27,-160,500
284.125,9,2.5,150,26,-150,1000
284,10,2.6,140,25,-140,2000
283.875,12,2.7,130,24,-130,3000
283.75,11,2.8,120,23,-120,4000
283.625,10,2.9,110,22,-110,5000
283.5,12,3,100,21,-100,10000
283.375,9,3,90,20,-90,20000
283.25,10,2.9,80,19,-80,30000
283.125,11,2.8,70,18,-70,40000
283,15,2.7,60,17,-60,50000
282.875,10,2.6,50,16,-50,40000
282.75,13,2.5,60,17,-40,30000
282.625,7.666666667,2.4,70,18,-30,20000
282.5,8.066666667,2.3,80,19,-20,10000
282.375,8.466666667,2.2,90,20,-10,5000
282.25,8.866666667,2.1,100,21,0,4000
282.125,9.266666667,2,110,22,10,3000
282,9,1.9,120,23,20,2000
281.875,10,1.8,130,24,30,1000
281.75,12,1.7,140,25,40,500
281.625,11,1.6,150,26,50,400
281.5,10,1.5,160,27,60,300
281.375,12,1.4,170,28,70,200
281.25,9,1.3,180,29,80,100
281.125,10,1.2,190,30,90,50
281,11,1.1,200,40,10,40
280.875,15,1,300,20,80,30
280.75,10,2,200,13,15,20
280.625,13,2,180,79,77,10
280.5,7.666666667,1.5,98,2,3,1
280.375,8.066666667,1,96,6,5,0.1
280.25,8.466666667,1,300,41,-40,10000
280.125,8.866666667,1.1,290,40,-50,1000
280,9.266666667,1.2,280,39,-60,100
279.875,9,1.3,270,38,-70,0.1
279.75,10,1.4,260,37,-80,1
279.625,12,1.5,250,36,-90,10
279.5,11,1.6,240,35,-100,20
279.375,10,1.7,230,34,-110,30
279.25,12,1.8,220,33,-120,40
279.125,9,1.9,210,32,-130,50
279,10,2,200,31,-140,100
278.875,11,2.1,190,30,-150,200
278.75,15,2.2,180,29,-160,300
278.625,10,2.3,170,28,-170,400
278.5,13,2.4,160,27,-160,500
278.375,7.666666667,2.5,150,26,-150,1000
278.25,8.066666667,2.6,140,25,-140,2000
278.125,8.466666667,2.7,130,24,-130,3000
278,8.866666667,2.8,120,23,-120,4000
277.875,9.266666667,2.9,110,22,-110,5000
277.75,9,3,100,21,-100,10000
277.625,10,3,90,20,-90,20000
277.5,12,2.9,80,19,-80,30000
277.375,11,2.8,70,18,-70,40000
277.25,10,2.7,60,17,-60,50000
277.125,12,2.6,50,16,-50,40000
277,9,2.5,60,17,-40,30000
276.875,10,2.4,70,18,-30,20000
276.75,11,2.3,80,19,-20,10000
276.625,15,2.2,90,20,-10,5000
276.5,10,2.1,100,21,0,4000
276.375,13,2,110,22,10,3000
276.25,7.666666667,1.9,120,23,20,2000
276.125,8.066666667,1.8,130,24,30,1000
276,8.466666667,1.7,140,25,40,500
275.875,8.866666667,1.6,150,26,50,400
275.75,9.266666667,1.5,160,27,60,300
275.625,9,1.4,170,28,70,200
275.5,10,1.3,180,29,80,100
275.375,12,1.2,190,30,90,50
275.25,11,1.1,200,40,10,40
275.125,10,1,300,20,80,30
275,12,2,200,13,15,20
274.875,9,2,180,79,77,10
274.75,10,1.5,98,2,3,1
274.625,11,1,96,6,5,0.1
274.5,15,1,300,41,-40,10000
274.375,10,1.1,290,40,-50,1000
274.25,13,1.2,280,39,-60,100
274.125,7.666666667,1.3,270,38,-70,0.1
274,8.066666667,1.4,260,37,-80,1
273.875,8.466666667,1.5,250,36,-90,10
273.75,8.866666667,1.6,240,35,-100,20
273.625,9.266666667,1.7,230,34,-110,30
273.5,9,1.8,220,33,-120,40
273.375,10,1.9,210,32,-130,50
273.25,12,2,200,31,-140,100
273.125,11,2.1,190,30,-150,200
273,10,2.2,180,29,-160,300
272.875,12,2.3,170,28,-170,400
272.75,9,2.4,160,27,-160,500
272.625,10,2.5,150,26,-150,1000
272.5,11,2.6,140,25,-140,2000
272.375,15,2.7,130,24,-130,3000
272.25,10,2.8,120,23,-120,4000
272.125,13,2.9,110,22,-110,5000
272,7.666666667,3,100,21,-100,10000
271.875,8.066666667,3,90,20,-90,20000
271.75,8.466666667,2.9,80,19,-80,30000
271.625,8.866666667,2.8,70,18,-70,40000
271.5,9.266666667,2.7,60,17,-60,50000
271.375,9,2.6,50,16,-50,40000
271.25,10,2.5,60,17,-40,30000
271.125,12,2.4,70,18,-30,20000
271,11,2.3,80,19,-20,10000
270.875,10,2.2,90,20,-10,5000
270.75,12,2.1,100,21,0,4000
270.625,9,2,110,22,10,3000
270.5,10,1.9,120,23,20,2000
270.375,11,1.8,130,24,30,1000
270.25,15,1.7,140,25,40,500
270.125,10,1.6,150,26,50,400
270,13,1.5,160,27,60,300
269.875,7.666666667,1.4,170,28,70,200
269.75,8.066666667,1.3,180,29,80,100
269.625,8.466666667,1.2,190,30,90,50
269.5,8.866666667,1.1,200,40,10,40
269.375,9.266666667,1,300,20,80,30
269.25,9,2,200,13,15,20
269.125,10,2,180,79,77,10
269,12,1.5,98,2,3,1
268.875,11,1,96,6,5,0.1
268.75,10,1,300,41,-40,10000
268.625,12,1.1,290,40,-50,1000
268.5,9,1.2,280,39,-60,100
268.375,10,1.3,270,38,-70,0.1
268.25,11,1.4,260,37,-80,1
268.125,15,1.5,250,36,-90,10
268,10,1.6,240,35,-100,20
267.875,13,1.7,230,34,-110,30
267.75,7.666666667,1.8,220,33,-120,40
267.625,8.066666667,1.9,210,32,-130,50
267.5,8.466666667,2,200,31,-140,100
267.375,8.866666667,2.1,190,30,-150,200
267.25,9.266666667,2.2,180,29,-160,300
267.125,9,2.3,170,28,-170,400
267,10,2.4,160,27,-160,500
266.875,12,2.5,150,26,-150,1000
266.75,11,2.6,140,25,-140,2000
266.625,10,2.7,130,24,-130,3000
266.5,12,2.8,120,23,-120,4000
266.375,9,2.9,110,22,-110,5000
266.25,10,3,100,21,-100,10000
266.125,11,3,90,20,-90,20000
266,15,2.9,80,19,-80,30000
265.875,10,2.8,70,18,-70,40000
265.75,13,2.7,60,17,-60,50000
265.625,7.666666667,2.6,50,16,-50,40000
265.5,8.066666667,2.5,60,17,-40,30000
265.375,8.466666667,2.4,70,18,-30,20000
265.25,8.866666667,2.3,80,19,-20,10000
265.125,9.266666667,2.2,90,20,-10,5000
265,9,2.1,100,21,0,4000
264.875,10,2,110,22,10,3000
264.75,12,1.9,120,23,20,2000
264.625,11,1.8,130,24,30,1000
264.5,10,1.7,140,25,40,500
264.375,12,1.6,150,26,50,400
264.25,9,1.5,160,27,60,300
264.125,10,1.4,170,28,70,200
264,11,1.3,180,29,80,100
263.875,15,1.2,190,30,90,50
263.75,10,1.1,200,40,10,40
263.625,13,1,300,20,80,30
263.5,7.666666667,2,200,13,15,20
263.375,8.066666667,2,180,79,77,10
263.25,8.466666667,1.5,98,2,3,1
263.125,8.866666667,1,96,6,5,0.1
263,9.266666667,1,300,41,-40,10000
262.875,9,1.1,290,40,-50,1000
262.75,10,1.2,280,39,-60,100
262.625,12,1.3,270,38,-70,0.1
262.5,11,1.4,260,37,-80,1
262.375,10,1.5,250,36,-90,10
262.25,12,1.6,240,35,-100,20
262.125,9,1.7,230,34,-110,30
262,10,1.8,220,33,-120,40
261.875,11,1.9,210,32,-130,50
261.75,15,2,200,31,-140,100
261.625,10,2.1,190,30,-150,200
261.5,13,2.2,180,29,-160,300
261.375,7.666666667,2.3,170,28,-170,400
261.25,8.066666667,2.4,160,27,-160,500
261.125,8.466666667,2.5,150,26,-150,1000
261,8.866666667,2.6,140,25,-140,2000
260.875,9.266666667,2.7,130,24,-130,3000
260.75,9,2.8,120,23,-120,4000
260.625,10,2.9,110,22,-110,5000
260.5,12,3,100,21,-100,10000
260.375,11,3,90,20,-90,20000
260.25,10,2.9,80,19,-80,30000
260.125,12,2.8,70,18,-70,40000
260,9,2.7,60,17,-60,50000
259.875,10,2.6,50,16,-50,40000
259.75,11,2.5,60,17,-40,30000
259.625,15,2.4,70,18,-30,20000
259.5,10,2.3,80,19,-20,10000
259.375,13,2.2,90,20,-10,5000
259.25,7.666666667,2.1,100,21,0,4000
259.125,8.066666667,2,110,22,10,3000
259,8.466666667,1.9,120,23,20,2000
258.875,8.866666667,1.8,130,24,30,1000
258.75,9.266666667,1.7,140,25,40,500
258.625,9,1.6,150,26,50,400
258.5,10,1.5,160,27,60,300
258.375,12,1.4,170,28,70,200
258.25,11,1.3,180,29,80,100
258.125,10,1.2,190,30,90,50
258,12,1.1,200,40,10,40
257.875,9,1,300,20,80,30
257.75,10,2,200,13,15,20
257.625,11,2,180,79,77,10
257.5,15,1.5,98,2,3,1
257.375,10,1,96,6,5,0.1
257.25,13,1,300,41,-40,10000
257.125,7.666666667,1.1,290,40,-50,1000
257,8.066666667,1.2,280,39,-60,100
256.875,8.466666667,1.3,270,38,-70,0.1
256.75,8.866666667,1.4,260,37,-80,1
256.625,9.266666667,1.5,250,36,-90,10
256.5,9,1.6,240,35,-100,20
256.375,10,1.7,230,34,-110,30
256.25,12,1.8,220,33,-120,40
256.125,11,1.9,210,32,-130,50
256,10,2,200,31,-140,100
255.875,12,2.1,190,30,-150,200
255.75,9,2.2,180,29,-160,300
255.625,10,2.3,170,28,-170,400
255.5,11,2.4,160,27,-160,500
255.375,15,2.5,150,26,-150,1000
255.25,10,2.6,140,25,-140,2000
255.125,13,2.7,130,24,-130,3000
255,7.666666667,2.8,120,23,-120,4000
254.875,8.066666667,2.9,110,22,-110,5000
254.75,8.466666667,3,100,21,-100,10000
254.625,8.866666667,3,90,20,-90,20000
254.5,9.266666667,2.9,80,19,-80,30000
254.375,9,2.8,70,18,-70,40000
254.25,10,2.7,60,17,-60,50000
254.125,12,2.6,50,16,-50,40000
254,11,2.5,60,17,-40,30000
253.875,10,2.4,70,18,-30,20000
253.75,12,2.3,80,19,-20,10000
253.625,9,2.2,90,20,-10,5000
253.5,10,2.1,100,21,0,4000
253.375,11,2,110,22,10,3000
253.25,15,1.9,120,23,20,2000
253.125,10,1.8,130,24,30,1000
253,13,1.7,140,25,40,500
252.875,7.666666667,1.6,150,26,50,400
252.75,8.066666667,1.5,160,27,60,300
252.625,8.466666667,1.4,170,28,70,200
252.5,8.866666667,1.3,180,29,80,100
252.375,9.266666667,1.2,190,30,90,50
252.25,9,1.1,200,40,10,40
252.125,10,1,300,20,80,30
252,12,2,200,13,15,20
251.875,11,2,180,79,77,10
251.75,10,1.5,98,2,3,1
251.625,12,1,96,6,5,0.1
251.5,11,1.6,240,35,-100,20
251.375,10,1.7,230,34,-110,30
251.25,12,1.8,220,33,-120,40
251.125,9,1.9,210,32,-130,50
251,10,2,200,31,-140,100
250.875,11,2.1,190,30,-150,200
250.75,15,2.2,180,29,-160,300
250.625,10,2.3,170,28,-170,400
250.5,13,2.4,160,27,-160,500
250.375,7.666666667,2.5,150,26,-150,1000
250.25,8.066666667,2.6,140,25,-140,2000
250.125,8.466666667,2.7,130,24,-130,3000
250,8.866666667,2.8,120,23,-120,4000
249.875,9.266666667,2.9,110,22,-110,5000
249.75,9,3,100,21,-100,10000
249.625,10,3,90,20,-90,20000
249.5,12,2.9,80,19,-80,30000
249.375,11,2.8,70,18,-70,40000
249.25,10,2.7,60,17,-60,50000
249.125,12,2.6,50,16,-50,40000
249,9,2.5,60,17,-40,30000
248.875,10,2.4,70,18,-30,20000
248.75,11,2.3,80,19,-20,10000
248.625,15,2.2,90,20,-10,5000
248.5,10,2.1,100,21,0,4000
248.375,13,2,110,22,10,3000
248.25,7.666666667,1.9,120,23,20,2000
248.125,8.066666667,1.8,130,24,30,1000
248,8.466666667,1.7,140,25,40,500
247.875,8.866666667,1.6,150,26,50,400
247.75,9.266666667,1.5,160,27,60,300
247.625,9,1.4,170,28,70,200
247.5,10,1.3,180,29,80,100
247.375,12,1.2,190,30,90,50
247.25,11,1.1,200,40,10,40
247.125,10,1,300,20,80,30
247,12,2,200,13,15,20
246.875,9,2,180,79,77,10
246.75,10,1.5,98,2,3,1
246.625,11,1,96,6,5,0.1
246.5,15,1,300,41,-40,10000
246.375,10,1.1,290,40,-50,1000
246.25,13,1.2,280,39,-60,100
246.125,7.666666667,1.3,270,38,-70,0.1
246,8.066666667,1.4,260,37,-80,1
245.875,8.466666667,1.5,250,36,-90,10
245.75,8.866666667,1.6,240,35,-100,20
245.625,9.266666667,1.7,230,34,-110,30
245.5,9,1.8,220,33,-120,40
245.375,10,1.9,210,32,-130,50
245.25,12,2,200,31,-140,100
245.125,11,2.1,190,30,-150,200
245,10,2.2,180,29,-160,300
244.875,12,2.3,170,28,-170,400
244.75,9,2.4,160,27,-160,500
244.625,10,2.5,150,26,-150,1000
244.5,11,2.6,140,25,-140,2000
244.375,15,2.7,130,24,-130,3000
244.25,10,2.8,120,23,-120,4000
244.125,13,2.9,110,22,-110,5000
244,7.666666667,3,100,21,-100,10000
243.875,8.066666667,3,90,20,-90,20000
243.75,8.466666667,2.9,80,19,-80,30000
243.625,8.866666667,2.8,70,18,-70,40000
243.5,9.266666667,2.7,60,17,-60,50000
243.375,9,2.6,50,16,-50,40000
243.25,10,2.5,60,17,-40,30000
243.125,12,2.4,70,18,-30,20000
243,11,2.3,80,19,-20,10000
242.875,10,2.2,90,20,-10,5000
242.75,12,2.1,100,21,0,4000
242.625,9,2,110,22,10,3000
242.5,10,1.9,120,23,20,2000
242.375,11,1.8,130,24,30,1000
242.25,15,1.7,140,25,40,500
242.125,10,1.6,150,26,50,400
242,13,1.5,160,27,60,300
241.875,7.666666667,1.4,170,28,70,200
241.75,8.066666667,1.3,180,29,80,100
241.625,8.466666667,1.2,190,30,90,50
241.5,8.866666667,1.1,200,40,10,40
241.375,9.266666667,1,300,20,80,30
241.25,9,2,200,13,15,20
241.125,10,2,180,79,77,10
241,12,1.5,98,2,3,1
240.875,11,1,96,6,5,0.1
240.75,10,1,300,41,-40,10000
240.625,12,1.1,290,40,-50,1000
240.5,9,1.2,280,39,-60,100
240.375,10,1.3,270,38,-70,0.1
240.25,11,1.4,260,37,-80,1
240.125,15,1.5,250,36,-90,10
240,10,1.6,240,35,-100,20
239.875,13,1.7,230,34,-110,30
239.75,7.666666667,1.8,220,33,-120,40
239.625,8.066666667,1.9,210,32,-130,50
239.5,8.466666667,2,200,31,-140,100
239.375,8.866666667,2.1,190,30,-150,200
239.25,9.266666667,2.2,180,29,-160,300
239.125,9,2.3,170,28,-170,400
239,10,2.4,160,27,-160,500
238.875,12,2.5,150,26,-150,1000
238.75,11,2.6,140,25,-140,2000
238.625,10,2.7,130,24,-130,3000
238.5,12,2.8,120,23,-120,4000
238.375,9,2.9,110,22,-110,5000
238.25,10,3,100,21,-100,10000
238.125,11,3,90,20,-90,20000
238,15,2.9,80,19,-80,30000
237.875,10,2.8,70,18,-70,40000
237.75,13,2.7,60,17,-60,50000
237.625,7.666666667,2.6,50,16,-50,40000
237.5,8.066666667,2.5,60,17,-40,30000
237.375,8.466666667,2.4,70,18,-30,20000
237.25,8.866666667,2.3,80,19,-20,10000
237.125,9.266666667,2.2,90,20,-10,5000
237,9,2.1,100,21,0,4000
236.875,10,2,110,22,10,3000
236.75,12,1.9,120,23,20,2000
236.625,11,1.8,130,24,30,1000
236.5,10,1.7,140,25,40,500
236.375,12,1.6,150,26,50,400
236.25,9,1.5,160,27,60,300
236.125,10,1.4,170,28,70,200
236,11,1.3,180,29,80,100
235.875,15,1.2,190,30,90,50
235.75,10,1.1,200,40,10,40
235.625,13,1,300,20,80,30
235.5,7.666666667,2,200,13,15,20
235.375,8.066666667,2,180,79,77,10
235.25,8.466666667,1.5,98,2,3,1
235.125,8.866666667,1,96,6,5,0.1
235,9.266666667,1,300,41,-40,10000
234.875,9,1.1,290,40,-50,1000
234.75,10,1.2,280,39,-60,100
234.625,12,1.3,270,38,-70,0.1
234.5,11,1.4,260,37,-80,1
234.375,10,1.5,250,36,-90,10
234.25,12,1.6,240,35,-100,20
234.125,9,1.7,230,34,-110,30
234,10,1.8,220,33,-120,40
233.875,11,1.9,210,32,-130,50
233.75,15,2,200,31,-140,100
233.625,10,2.1,190,30,-150,200
233.5,13,2.2,180,29,-160,300
233.375,7.666666667,2.3,170,28,-170,400
233.25,8.066666667,2.4,160,27,-160,500
233.125,8.466666667,2.5,150,26,-150,1000
233,8.866666667,2.6,140,25,-140,2000
232.875,9.266666667,2.7,130,24,-130,3000
232.75,9,2.8,120,23,-120,4000
232.625,10,2.9,110,22,-110,5000
232.5,12,3,100,21,-100,10000
232.375,11,3,90,20,-90,20000
232.25,10,2.9,80,19,-80,30000
232.125,12,2.8,70,18,-70,40000
232,9,2.7,60,17,-60,50000
231.875,10,2.6,50,16,-50,40000
231.75,11,2.5,60,17,-40,30000
231.625,15,2.4,70,18,-30,20000
231.5,10,2.3,80,19,-20,10000
231.375,13,2.2,90,20,-10,5000
231.25,7.666666667,2.1,100,21,0,4000
231.125,8.066666667,2,110,22,10,3000
231,8.466666667,1.9,120,23,20,2000
230.875,8.866666667,1.8,130,24,30,1000
230.75,9.266666667,1.7,140,25,40,500
230.625,9,1.6,150,26,50,400
230.5,10,1.5,160,27,60,300
230.375,12,1.4,170,28,70,200
230.25,11,1.3,180,29,80,100
230.125,10,1.2,190,30,90,50
230,12,1.1,200,40,10,40
229.875,9,1,300,20,80,30
229.75,10,2,200,13,15,20
229.625,11,2,180,79,77,10
229.5,15,1.5,98,2,3,1
229.375,10,1,96,6,5,0.1
229.25,13,1,300,41,-40,10000
229.125,7.666666667,1.1,290,40,-50,1000
229,8.066666667,1.2,280,39,-60,100
228.875,8.466666667,1.3,270,38,-70,0.1
228.75,8.866666667,1.4,260,37,-80,1
228.625,9.266666667,1.5,250,36,-90,10
228.5,9,1.6,240,35,-100,20
228.375,10,1.7,230,34,-110,30
228.25,12,1.8,220,33,-120,40
228.125,11,1.9,210,32,-130,50
228,10,2,200,31,-140,100
227.875,12,2.1,190,30,-150,200
227.75,9,2.2,180,29,-160,300
227.625,10,2.3,170,28,-170,400
227.5,11,2.4,160,27,-160,500
227.375,15,2.5,150,26,-150,1000
227.25,10,2.6,140,25,-140,2000
227.125,13,2.7,130,24,-130,3000
227,7.666666667,2.8,120,23,-120,4000
226.875,8.066666667,2.9,110,22,-110,5000
226.75,8.466666667,3,100,21,-100,10000
226.625,8.866666667,3,90,20,-90,20000
226.5,9.266666667,2.9,80,19,-80,30000
226.375,9,2.8,70,18,-70,40000
226.25,10,2.7,60,17,-60,50000
226.125,12,2.6,50,16,-50,40000
226,11,2.5,60,17,-40,30000
225.875,10,2.4,70,18,-30,20000
225.75,12,2.3,80,19,-20,10000
225.625,9,2.2,90,20,-10,5000
225.5,10,2.1,100,21,0,4000
225.375,11,2,110,22,10,3000
225.25,15,1.9,120,23,20,2000
225.125,10,1.8,130,24,30,1000
225,13,1.7,140,25,40,500
224.875,7.666666667,1.6,150,26,50,400
224.75,8.066666667,1.5,160,27,60,300
224.625,8.466666667,1.4,170,28,70,200
224.5,8.866666667,1.3,180,29,80,100
224.375,9.266666667,1.2,190,30,90,50
224.25,9,1.1,200,40,10,40
224.125,10,1,300,20,80,30
224,12,2,200,13,15,20
223.875,11,2,180,79,77,10
223.75,10,1.5,98,2,3,1
223.625,12,1,96,6,5,0.1
223.5,9,1,300,41,-40,10000
223.375,10,1.1,290,40,-50,1000
223.25,11,1.2,280,39,-60,100
223.125,15,1.3,270,38,-70,0.1
223,10,1.4,260,37,-80,1
222.875,13,1.5,250,36,-90,10
222.75,7.666666667,1.6,240,35,-100,20
222.625,8.066666667,1.7,230,34,-110,30
222.5,8.466666667,1.8,220,33,-120,40
222.375,8.866666667,1.9,210,32,-130,50
222.25,9.266666667,2,200,31,-140,100
222.125,9,2.1,190,30,-150,200
222,10,2.2,180,29,-160,300
221.875,12,2.3,170,28,-170,400
221.75,11,2.4,160,27,-160,500
221.625,10,2.5,150,26,-150,1000
221.5,12,2.6,140,25,-140,2000
221.375,9,2.7,130,24,-130,3000
221.25,10,2.8,120,23,-120,4000
221.125,11,2.9,110,22,-110,5000
221,15,3,100,21,-100,10000
220.875,10,3,90,20,-90,20000
220.75,13,2.9,80,19,-80,30000
220.625,7.666666667,2.8,70,18,-70,40000
220.5,8.066666667,2.7,60,17,-60,50000
220.375,8.466666667,2.6,50,16,-50,40000
220.25,8.866666667,2.5,60,17,-40,30000
220.125,9.266666667,2.4,70,18,-30,20000
220,9,2.3,80,19,-20,10000
219.875,10,2.2,90,20,-10,5000
219.75,12,2.1,100,21,0,4000
219.625,11,2,110,22,10,3000
219.5,10,1.9,120,23,20,2000
219.375,12,1.8,130,24,30,1000
219.25,9,1.7,140,25,40,500
219.125,10,1.6,150,26,50,400
219,11,1.5,160,27,60,300
218.875,15,1.4,170,28,70,200
218.75,10,1.3,180,29,80,100
218.625,13,1.2,190,30,90,50
218.5,7.666666667,1.1,200,40,10,40
218.375,8.066666667,1,300,20,80,30
218.25,8.466666667,2,200,13,15,20
218.125,8.866666667,2,180,79,77,10
218,9.266666667,1.5,98,2,3,1
217.875,9,1,96,6,5,0.1
217.75,10,1,300,41,-40,10000
217.625,12,1.1,290,40,-50,1000
217.5,11,1.2,280,39,-60,100
217.375,10,1.3,270,38,-70,0.1
217.25,12,1.4,260,37,-80,1
217.125,9,1.5,250,36,-90,10
217,10,1.6,240,35,-100,20
216.875,11,1.7,230,34,-110,30
216.75,15,1.8,220,33,-120,40
216.625,10,1.9,210,32,-130,50
216.5,13,2,200,31,-140,100
216.375,7.666666667,2.1,190,30,-150,200
216.25,8.066666667,2.2,180,29,-160,300
216.125,8.466666667,2.3,170,28,-170,400
216,8.866666667,2.4,160,27,-160,500
215.875,9.266666667,2.5,150,26,-150,1000
215.75,9,2.6,140,25,-140,2000
215.625,10,2.7,130,24,-130,3000
215.5,12,2.8,120,23,-120,4000
215.375,11,2.9,110,22,-110,5000
215.25,10,3,100,21,-100,10000
215.125,12,3,90,20,-90,20000
215,9,2.9,80,19,-80,30000
214.875,10,2.8,70,18,-70,40000
214.75,11,2.7,60,17,-60,50000
214.625,15,2.6,50,16,-50,40000
214.5,10,2.5,60,17,-40,30000
214.375,13,2.4,70,18,-30,20000
214.25,7.666666667,2.3,80,19,-20,10000
214.125,8.066666667,2.2,90,20,-10,5000
214,8.466666667,2.1,100,21,0,4000
213.875,8.866666667,2,110,22,10,3000
213.75,9.266666667,1.9,120,23,20,2000
213.625,9,1.8,130,24,30,1000
213.5,10,1.7,140,25,40,500
213.375,12,1.6,150,26,50,400
213.25,11,1.5,160,27,60,300
213.125,10,1.4,170,28,70,200
213,12,1.3,180,29,80,100
212.875,9,1.2,190,30,90,50
212.75,10,1.1,200,40,10,40
212.625,11,1,300,20,80,30
212.5,15,2,200,13,15,20
212.375,10,2,180,79,77,10
212.25,13,1.5,98,2,3,1
212.125,7.666666667,1,96,6,5,0.1
212,8.066666667,1,300,41,-40,10000
211.875,8.466666667,1.1,290,40,-50,1000
211.75,8.866666667,1.2,280,39,-60,100
211.625,9.266666667,1.3,270,38,-70,0.1
211.5,9,1.4,260,37,-80,1
211.375,10,1.5,250,36,-90,10
211.25,12,1.6,240,35,-100,20
211.125,11,1.7,230,34,-110,30
211,10,1.8,220,33,-120,40
210.875,12,1.9,210,32,-130,50
210.75,9,2,200,31,-140,100
210.625,10,2.1,190,30,-150,200
210.5,11,2.2,180,29,-160,300
210.375,15,2.3,170,28,-170,400
210.25,10,2.4,160,27,-160,500
210.125,13,2.5,150,26,-150,1000
210,7.666666667,2.6,140,25,-140,2000
209.875,8.066666667,2.7,130,24,-130,3000
209.75,8.466666667,2.8,120,23,-120,4000
209.625,8.866666667,2.9,110,22,-110,5000
209.5,9.266666667,3,100,21,-100,10000
209.375,9,3,90,20,-90,20000
209.25,10,2.9,80,19,-80,30000
209.125,12,2.8,70,18,-70,40000
209,11,2.7,60,17,-60,50000
208.875,10,2.6,50,16,-50,40000
208.75,12,2.5,60,17,-40,30000
208.625,9,2.4,70,18,-30,20000
208.5,10,2.3,80,19,-20,10000
208.375,11,2.2,90,20,-10,5000
208.25,15,2.1,100,21,0,4000
208.125,10,2,110,22,10,3000
208,13,1.9,120,23,20,2000
207.875,7.666666667,1.8,130,24,30,1000
207.75,8.066666667,1.7,140,25,40,500
207.625,8.466666667,1.6,150,26,50,400
207.5,8.866666667,1.5,160,27,60,300
207.375,9.266666667,1.4,170,28,70,200
207.25,9,1.3,180,29,80,100
207.125,10,1.2,190,30,90,50
207,12,1.1,200,40,10,40
206.875,11,1,300,20,80,30
206.75,10,2,200,13,15,20
206.625,12,2,180,79,77,10
206.5,9,1.5,98,2,3,1
206.375,10,1,96,6,5,0.1
206.25,11,1,300,41,-40,10000
206.125,15,1.1,290,40,-50,1000
206,10,1.2,280,39,-60,100
205.875,13,1.3,270,38,-70,0.1
205.75,7.666666667,1.4,260,37,-80,1
205.625,8.066666667,1.5,250,36,-90,10
205.5,8.466666667,1.6,240,35,-100,20
205.375,8.866666667,1.7,230,34,-110,30
205.25,9.266666667,1.8,220,33,-120,40
205.125,9,1.9,210,32,-130,50
205,10,2,200,31,-140,100
204.875,12,2.1,190,30,-150,200
204.75,11,2.2,180,29,-160,300
204.625,10,2.3,170,28,-170,400
204.5,12,2.4,160,27,-160,500
204.375,9,2.5,150,26,-150,1000
204.25,10,2.6,140,25,-140,2000
204.125,11,2.7,130,24,-130,3000
204,15,2.8,120,23,-120,4000
203.875,10,2.9,110,22,-110,5000
203.75,13,3,100,21,-100,10000
203.625,7.666666667,3,90,20,-90,20000
203.5,8.066666667,2.9,80,19,-80,30000
203.375,8.466666667,2.8,70,18,-70,40000
203.25,8.866666667,2.7,60,17,-60,50000
203.125,9.266666667,2.6,50,16,-50,40000
203,9,2.5,60,17,-40,30000
202.875,10,2.4,70,18,-30,20000
202.75,12,2.3,80,19,-20,10000
202.625,11,2.2,90,20,-10,5000
202.5,10,2.1,100,21,0,4000
202.375,12,2,110,22,10,3000
202.25,9,1.9,120,23,20,2000
202.125,10,1.8,130,24,30,1000
202,11,1.7,140,25,40,500
201.875,15,1.6,150,26,50,400
201.75,10,1.5,160,27,60,300
201.625,13,1.4,170,28,70,200
201.5,7.666666667,1.3,180,29,80,100
201.375,8.066666667,1.2,190,30,90,50
201.25,8.466666667,1.1,200,40,10,40
201.125,8.866666667,1,300,20,80,30
201,9.266666667,2,200,13,15,20
200.875,9,2,180,79,77,10
200.75,10,1.5,98,2,3,1
200.625,12,1,96,6,5,0.1
200.5,11,1,300,41,-40,10000
200.375,10,1.1,290,40,-50,1000
200.25,12,1.2,280,39,-60,100
200.125,9,1.3,270,38,-70,0.1
200,10,1.4,260,37,-80,1
199.875,11,1.5,250,36,-90,10
199.75,15,1.6,240,35,-100,20
199.625,10,1.7,230,34,-110,30
199.5,13,1.8,220,33,-120,40
199.375,7.666666667,1.9,210,32,-130,50
199.25,8.066666667,2,200,31,-140,100
199.125,8.466666667,2.1,190,30,-150,200
199,8.866666667,2.2,180,29,-160,300
198.875,9.266666667,2.3,170,28,-170,400
198.75,9,2.4,160,27,-160,500
198.625,10,2.5,150,26,-150,1000
198.5,12,2.6,140,25,-140,2000
198.375,11,2.7,130,24,-130,3000
198.25,10,2.8,120,23,-120,4000
198.125,12,2.9,110,22,-110,5000
198,9,3,100,21,-100,10000
197.875,10,3,90,20,-90,20000
197.75,11,2.9,80,19,-80,30000
197.625,15,2.8,70,18,-70,40000
197.5,10,2.7,60,17,-60,50000
197.375,13,2.6,50,16,-50,40000
197.25,7.666666667,2.5,60,17,-40,30000
197.125,8.066666667,2.4,70,18,-30,20000
197,8.466666667,2.3,80,19,-20,10000
196.875,8.866666667,2.2,90,20,-10,5000
196.75,9.266666667,2.1,100,21,0,4000
196.625,9,2,110,22,10,3000
196.5,10,1.9,120,23,20,2000
196.375,12,1.8,130,24,30,1000
196.25,11,1.7,140,25,40,500
196.125,10,1.6,150,26,50,400
196,12,1.5,160,27,60,300
195.875,9,1.4,170,28,70,200
195.75,10,1.3,180,29,80,100
195.625,11,1.2,190,30,90,50
195.5,15,1.1,200,40,10,40
195.375,10,1,300,20,80,30
195.25,13,2,200,13,15,20
195.125,7.666666667,2,180,79,77,10
195,8.066666667,1.5,98,2,3,1
194.875,8.466666667,1,96,6,5,0.1
194.75,8.866666667,1,300,41,-40,10000
194.625,9.266666667,1.1,290,40,-50,1000
194.5,9,1.2,280,39,-60,100
194.375,10,1.3,270,38,-70,0.1
194.25,12,1.4,260,37,-80,1
194.125,11,1.5,250,36,-90,10
194,10,1.6,240,35,-100,20
193.875,12,1.7,230,34,-110,30
193.75,9,1.8,220,33,-120,40
193.625,10,1.9,210,32,-130,50
193.5,11,2,200,31,-140,100
193.375,15,2.1,190,30,-150,200
193.25,10,2.2,180,29,-160,300
193.125,13,2.3,170,28,-170,400
193,7.666666667,2.4,160,27,-160,500
192.875,8.066666667,2.5,150,26,-150,1000
192.75,8.466666667,2.6,140,25,-140,2000
192.625,8.866666667,2.7,130,24,-130,3000
192.5,9.266666667,2.8,120,23,-120,4000
192.375,9,2.9,110,22,-110,5000
192.25,10,3,100,21,-100,10000
192.125,12,3,90,20,-90,20000
192,11,2.9,80,19,-80,30000
191.875,10,2.8,70,18,-70,40000
191.75,12,2.7,60,17,-60,50000
191.625,9,2.6,50,16,-50,40000
191.5,10,2.5,60,17,-40,30000
191.375,11,2.4,70,18,-30,20000
191.25,15,2.3,80,19,-20,10000
191.125,10,2.2,90,20,-10,5000
191,13,2.1,100,21,0,4000
190.875,7.666666667,2,110,22,10,3000
190.75,8.066666667,1.9,120,23,20,2000
190.625,8.466666667,1.8,130,24,30,1000
190.5,8.866666667,1.7,140,25,40,500
190.375,9.266666667,1.6,150,26,50,400
190.25,9,1.5,160,27,60,300
190.125,10,1.4,170,28,70,200
190,12,1.3,180,29,80,100
189.875,11,1.2,190,30,90,50
189.75,10,1.1,200,40,10,40
189.625,12,1,300,20,80,30
189.5,9,2,200,13,15,20
189.375,10,2,180,79,77,10
189.25,11,1.5,98,2,3,1
189.125,15,1,96,6,5,0.1
189,10,1,300,41,-40,10000
188.875,13,1.1,290,40,-50,1000
188.75,7.666666667,1.2,280,39,-60,100
188.625,8.066666667,1.3,270,38,-70,0.1
188.5,8.466666667,1.4,260,37,-80,1
188.375,8.866666667,1.5,250,36,-90,10
188.25,9.266666667,1.6,240,35,-100,20
188.125,9,1.7,230,34,-110,30
188,10,1.8,220,33,-120,40
187.875,12,1.9,210,32,-130,50
187.75,11,2,200,31,-140,100
187.625,10,2.1,190,30,-150,200
187.5,12,2.2,180,29,-160,300
187.375,9,2.3,170,28,-170,400
187.25,10,2.4,160,27,-160,500
187.125,11,2.5,150,26,-150,1000
187,15,2.6,140,25,-140,2000
186.875,10,2.7,130,24,-130,3000
186.75,13,2.8,120,23,-120,4000
186.625,7.666666667,2.9,110,22,-110,5000
186.5,8.066666667,3,100,21,-100,10000
186.375,8.466666667,3,90,20,-90,20000
186.25,8.866666667,2.9,80,19,-80,30000
186.125,9.266666667,2.8,70,18,-70,40000
186,9,2.7,60,17,-60,50000
185.875,10,2.6,50,16,-50,40000
185.75,12,2.5,60,17,-40,30000
185.625,11,2.4,70,18,-30,20000
185.5,10,2.3,80,19,-20,10000
185.375,12,2.2,90,20,-10,5000
185.25,9,2.1,100,21,0,4000
185.125,10,2,110,22,10,3000
185,11,1.9,120,23,20,2000
184.875,15,1.8,130,24,30,1000
184.75,10,1.7,140,25,40,500
184.625,13,1.6,150,26,50,400
184.5,7.666666667,1.5,160,27,60,300
184.375,8.066666667,1.4,170,28,70,200
184.25,8.466666667,1.3,180,29,80,100
184.125,8.866666667,1.2,190,30,90,50
184,9.266666667,1.1,200,40,10,40
183.875,9,1,300,20,80,30
183.75,10,2,200,13,15,20
183.625,12,2,180,79,77,10
183.5,11,1.5,98,2,3,1
183.375,10,1,96,6,5,0.1
183.25,12,1,300,41,-40,10000
183.125,9,1.1,290,40,-50,1000
183,10,1.2,280,39,-60,100
182.875,11,1.3,270,38,-70,0.1
182.75,15,1.4,260,37,-80,1
182.625,10,1.5,250,36,-90,10
182.5,13,1.6,240,35,-100,20
182.375,7.666666667,1.7,230,34,-110,30
182.25,8.066666667,1.8,220,33,-120,40
182.125,8.466666667,1.9,210,32,-130,50
182,8.866666667,2,200,31,-140,100
181.875,9.266666667,2.1,190,30,-150,200
181.75,9,2.2,180,29,-160,300
181.625,10,2.3,170,28,-170,400
181.5,12,2.4,160,27,-160,500
181.375,11,2.5,150,26,-150,1000
181.25,10,2.6,140,25,-140,2000
181.125,12,2.7,130,24,-130,3000
181,9,2.8,120,23,-120,4000
180.875,10,2.9,110,22,-110,5000
180.75,11,3,100,21,-100,10000
180.625,15,3,90,20,-90,20000
180.5,10,2.9,80,19,-80,30000
180.375,13,2.8,70,18,-70,40000
180.25,7.666666667,2.7,60,17,-60,50000
180.125,8.066666667,2.6,50,16,-50,40000
180,8.466666667,2.5,60,17,-40,30000
179.875,8.866666667,2.4,70,18,-30,20000
179.75,9.266666667,2.3,80,19,-20,10000
179.625,9,2.2,90,20,-10,5000
179.5,10,2.1,100,21,0,4000
179.375,12,2,110,22,10,3000
179.25,11,1.9,120,23,20,2000
179.125,10,1.8,130,24,30,1000
179,12,1.7,140,25,40,500
178.875,9,1.6,150,26,50,400
178.75,10,1.5,160,27,60,300
178.625,11,1.4,170,28,70,200
178.5,15,1.3,180,29,80,100
178.375,10,1.2,190,30,90,50
178.25,13,1.1,200,40,10,40
178.125,7.666666667,1,300,20,80,30
178,8.066666667,2,200,13,15,20
177.875,8.466666667,2,180,79,77,10
177.75,8.866666667,1.5,98,2,3,1
177.625,9.266666667,1,96,6,5,0.1
177.5,9,1,300,41,-40,10000
177.375,10,1.1,290,40,-50,1000
177.25,12,1.2,280,39,-60,100
177.125,11,1.3,270,38,-70,0.1
177,10,1.4,260,37,-80,1
176.875,12,1.5,250,36,-90,10
176.75,9,1.6,240,35,-100,20
176.625,10,1.7,230,34,-110,30
176.5,11,1.8,220,33,-120,40
176.375,15,1.9,210,32,-130,50
176.25,10,2,200,31,-140,100
176.125,13,2.1,190,30,-150,200
176,7.666666667,2.2,180,29,-160,300
175.875,8.066666667,2.3,170,28,-170,400
175.75,8.466666667,2.4,160,27,-160,500
175.625,8.866666667,2.5,150,26,-150,1000
175.5,9.266666667,2.6,140,25,-140,2000
175.375,9,2.7,130,24,-130,3000
175.25,10,2.8,120,23,-120,4000
175.125,12,2.9,110,22,-110,5000
175,11,3,100,21,-100,10000
174.875,10,3,90,20,-90,20000
174.75,12,2.9,80,19,-80,30000
174.625,9,2.8,70,18,-70,40000
174.5,10,2.7,60,17,-60,50000
174.375,11,2.6,50,16,-50,40000
174.25,15,2.5,60,17,-40,30000
174.125,10,2.4,70,18,-30,20000
174,13,2.3,80,19,-20,10000
173.875,7.666666667,2.2,90,20,-10,5000
173.75,8.066666667,2.1,100,21,0,4000
173.625,8.466666667,2,110,22,10,3000
173.5,8.866666667,1.9,120,23,20,2000
173.375,9.266666667,1.8,130,24,30,1000
173.25,9,1.7,140,25,40,500
173.125,10,1.6,150,26,50,400
173,12,1.5,160,27,60,300
172.875,11,1.4,170,28,70,200
172.75,10,1.3,180,29,80,100
172.625,12,1.2,190,30,90,50
172.5,9,1.1,200,40,10,40
172.375,10,1,300,20,80,30
172.25,11,2,200,13,15,20
172.125,15,2,180,79,77,10
172,10,1.5,98,2,3,1
171.875,13,1,96,6,5,0.1
171.75,7.666666667,1,300,41,-40,10000
171.625,8.066666667,1.1,290,40,-50,1000
171.5,8.466666667,1.2,280,39,-60,100
171.375,8.866666667,1.3,270,38,-70,0.1
171.25,9.266666667,1.4,260,37,-80,1
171.125,9,1.5,250,36,-90,10
171,10,1.6,240,35,-100,20
170.875,12,1.7,230,34,-110,30
170.75,11,1.8,220,33,-120,40
170.625,10,1.9,210,32,-130,50
170.5,12,2,200,31,-140,100
170.375,9,2.1,190,30,-150,200
170.25,10,2.2,180,29,-160,300
170.125,11,2.3,170,28,-170,400
170,15,2.4,160,27,-160,500
169.875,10,2.5,150,26,-150,1000
169.75,13,2.6,140,25,-140,2000
169.625,7.666666667,2.7,130,24,-130,3000
169.5,8.066666667,2.8,120,23,-120,4000
169.375,8.466666667,2.9,110,22,-110,5000
169.25,8.866666667,3,100,21,-100,10000
169.125,9.266666667,3,90,20,-90,20000
169,9,2.9,80,19,-80,30000
168.875,10,2.8,70,18,-70,40000
168.75,12,2.7,60,17,-60,50000
168.625,11,2.6,50,16,-50,40000
168.5,10,2.5,60,17,-40,30000
168.375,12,2.4,70,18,-30,20000
168.25,9,2.3,80,19,-20,10000
168.125,10,2.2,90,20,-10,5000
168,11,2.1,100,21,0,4000
167.875,15,2,110,22,10,3000
167.75,10,1.9,120,23,20,2000
167.625,13,1.8,130,24,30,1000
167.5,7.666666667,1.7,140,25,40,500
167.375,8.066666667,1.6,150,26,50,400
167.25,8.466666667,1.5,160,27,60,300
167.125,8.866666667,1.4,170,28,70,200
167,9.266666667,1.3,180,29,80,100
166.875,9,1.2,190,30,90,50
166.75,10,1.1,200,40,10,40
166.625,12,1,300,20,80,30
166.5,11,2,200,13,15,20
166.375,10,2,180,79,77,10
166.25,12,1.5,98,2,3,1
166.125,9,1,96,6,5,0.1
166,10,1,300,41,-40,10000
165.875,11,1.1,290,40,-50,1000
165.75,15,1.2,280,39,-60,100
165.625,10,1.3,270,38,-70,0.1
165.5,13,1.4,260,37,-80,1
165.375,7.666666667,1.5,250,36,-90,10
165.25,8.066666667,1.6,240,35,-100,20
165.125,8.466666667,1.7,230,34,-110,30
165,8.866666667,1.8,220,33,-120,40
164.875,9.266666667,1.9,210,32,-130,50
164.75,9,2,200,31,-140,100
164.625,10,2.1,190,30,-150,200
164.5,12,2.2,180,29,-160,300
164.375,11,2.3,170,28,-170,400
164.25,10,2.4,160,27,-160,500
164.125,12,2.5,150,26,-150,1000
164,9,2.6,140,25,-140,2000
163.875,10,2.7,130,24,-130,3000
163.75,11,2.8,120,23,-120,4000
163.625,15,2.9,110,22,-110,5000
163.5,10,3,100,21,-100,10000
163.375,13,3,90,20,-90,20000
163.25,7.666666667,2.9,80,19,-80,30000
163.125,8.066666667,2.8,70,18,-70,40000
163,8.466666667,2.7,60,17,-60,50000
162.875,8.866666667,2.6,50,16,-50,40000
162.75,9.266666667,2.5,60,17,-40,30000
162.625,9,2.4,70,18,-30,20000
162.5,10,2.3,80,19,-20,10000
162.375,12,2.2,90,20,-10,5000
162.25,11,2.1,100,21,0,4000
162.125,10,2,110,22,10,3000
162,12,1.9,120,23,20,2000
161.875,9,1.8,130,24,30,1000
161.75,10,1.7,140,25,40,500
161.625,11,1.6,150,26,50,400
161.5,15,1.5,160,27,60,300
161.375,10,1.4,170,28,70,200
161.25,13,1.3,180,29,80,100
161.125,7.666666667,1.2,190,30,90,50
161,8.066666667,1.1,200,40,10,40
160.875,8.466666667,1,300,20,80,30
160.75,8.866666667,2,200,13,15,20
160.625,9.266666667,2,180,79,77,10
160.5,9,1.5,98,2,3,1
160.375,10,1,96,6,5,0.1
160.25,12,1,300,41,-40,10000
160.125,11,1.1,290,40,-50,1000
160,10,1.2,280,39,-60,100
159.875,12,1.3,270,38,-70,0.1
159.75,9,1.4,260,37,-80,1
159.625,10,1.5,250,36,-90,10
159.5,11,1.6,240,35,-100,20
159.375,15,1.7,230,34,-110,30
159.25,10,1.8,220,33,-120,40
159.125,13,1.9,210,32,-130,50
159,7.666666667,2,200,31,-140,100
158.875,8.066666667,2.1,190,30,-150,200
158.75,8.466666667,2.2,180,29,-160,300
158.625,8.866666667,2.3,170,28,-170,400
158.5,9.266666667,2.4,160,27,-160,500
158.375,9,2.5,150,26,-150,1000
158.25,10,2.6,140,25,-140,2000
158.125,12,2.7,130,24,-130,3000
158,11,2.8,120,23,-120,4000
157.875,10,2.9,110,22,-110,5000
157.75,12,3,100,21,-100,10000
157.625,9,3,90,20,-90,20000
157.5,10,2.9,80,19,-80,30000
157.375,11,2.8,70,18,-70,40000
157.25,15,2.7,60,17,-60,50000
157.125,10,2.6,50,16,-50,40000
157,13,2.5,60,17,-40,30000
156.875,7.666666667,2.4,70,18,-30,20000
156.75,8.066666667,2.3,80,19,-20,10000
156.625,8.466666667,2.2,90,20,-10,5000
156.5,8.866666667,2.1,100,21,0,4000
156.375,9.266666667,2,110,22,10,3000
156.25,9,1.9,120,23,20,2000
156.125,10,1.8,130,24,30,1000
156,12,1.7,140,25,40,500
155.875,11,1.6,150,26,50,400
155.75,10,1.5,160,27,60,300
155.625,12,1.4,170,28,70,200
155.5,9,1.3,180,29,80,100
155.375,10,1.2,190,30,90,50
155.25,11,1.1,200,40,10,40
155.125,15,1,300,20,80,30
155,10,2,200,13,15,20
154.875,13,2,180,79,77,10
154.75,7.666666667,1.5,98,2,3,1
154.625,8.066666667,1,96,6,5,0.1
154.5,8.466666667,1,300,41,-40,10000
154.375,8.866666667,1.1,290,40,-50,1000
154.25,9.266666667,1.2,280,39,-60,100
154.125,9,1.3,270,38,-70,0.1
154,10,1.4,260,37,-80,1
153.875,12,1.5,250,36,-90,10
153.75,11,1.6,240,35,-100,20
153.625,10,1.7,230,34,-110,30
153.5,12,1.8,220,33,-120,40
153.375,9,1.9,210,32,-130,50
153.25,10,2,200,31,-140,100
153.125,11,2.1,190,30,-150,200
153,15,2.2,180,29,-160,300
152.875,10,2.3,170,28,-170,400
152.75,13,2.4,160,27,-160,500
152.625,7.666666667,2.5,150,26,-150,1000
152.5,8.066666667,2.6,140,25,-140,2000
152.375,8.466666667,2.7,130,24,-130,3000
152.25,8.866666667,2.8,120,23,-120,4000
152.125,9.266666667,2.9,110,22,-110,5000
152,9,3,100,21,-100,10000
151.875,10,3,90,20,-90,20000
151.75,12,2.9,80,19,-80,30000
151.625,11,2.8,70,18,-70,40000
151.5,10,2.7,60,17,-60,50000
151.375,12,2.6,50,16,-50,40000
151.25,9,2.5,60,17,-40,30000
151.125,10,2.4,70,18,-30,20000
151,11,2.3,80,19,-20,10000
150.875,15,2.2,90,20,-10,5000
150.75,10,2.1,100,21,0,4000
150.625,13,2,110,22,10,3000
150.5,7.666666667,1.9,120,23,20,2000
150.375,8.066666667,1.8,130,24,30,1000
150.25,8.466666667,1.7,140,25,40,500
150.125,8.866666667,1.6,150,26,50,400
150,9.266666667,1.5,160,27,60,300
149.875,9,1.4,170,28,70,200
149.75,10,1.3,180,29,80,100
149.625,12,1.2,190,30,90,50
149.5,11,1.1,200,40,10,40
149.375,10,1,300,20,80,30
149.25,12,2,200,13,15,20
149.125,9,2,180,79,77,10
149,10,1.5,98,2,3,1
148.875,11,1,96,6,5,0.1
148.75,15,1,300,41,-40,10000
148.625,10,1.1,290,40,-50,1000
148.5,13,1.2,280,39,-60,100
148.375,7.666666667,1.3,270,38,-70,0.1
148.25,8.066666667,1.4,260,37,-80,1
148.125,8.466666667,1.5,250,36,-90,10
148,8.866666667,1.6,240,35,-100,20
147.875,9.266666667,1.7,230,34,-110,30
147.75,9,1.8,220,33,-120,40
147.625,10,1.9,210,32,-130,50
147.5,12,2,200,31,-140,100
147.375,11,2.1,190,30,-150,200
147.25,10,2.2,180,29,-160,300
147.125,12,2.3,170,28,-170,400
147,9,2.4,160,27,-160,500
146.875,10,2.5,150,26,-150,1000
146.75,11,2.6,140,25,-140,2000
146.625,15,2.7,130,24,-130,3000
146.5,10,2.8,120,23,-120,4000
146.375,13,2.9,110,22,-110,5000
146.25,7.666666667,3,100,21,-100,10000
146.125,8.066666667,3,90,20,-90,20000
146,8.466666667,2.9,80,19,-80,30000
145.875,8.866666667,2.8,70,18,-70,40000
145.75,9.266666667,2.7,60,17,-60,50000
145.625,9,2.6,50,16,-50,40000
145.5,10,2.5,60,17,-40,30000
145.375,12,2.4,70,18,-30,20000
145.25,11,2.3,80,19,-20,10000
145.125,10,2.2,90,20,-10,5000
145,12,2.1,100,21,0,4000
144.875,9,2,110,22,10,3000
144.75,10,1.9,120,23,20,2000
144.625,11,1.8,130,24,30,1000
144.5,15,1.7,140,25,40,500
144.375,10,1.6,150,26,50,400
144.25,13,1.5,160,27,60,300
144.125,7.666666667,1.4,170,28,70,200
144,8.066666667,1.3,180,29,80,100
143.875,8.466666667,1.2,190,30,90,50
143.75,8.866666667,1.1,200,40,10,40
143.625,9.266666667,1,300,20,80,30
143.5,9,2,200,13,15,20
143.375,10,2,180,79,77,10
143.25,12,1.5,98,2,3,1
143.125,11,1,96,6,5,0.1
143,10,1,300,41,-40,10000
142.875,12,1.1,290,40,-50,1000
142.75,9,1.2,280,39,-60,100
142.625,10,1.3,270,38,-70,0.1
142.5,11,1.4,260,37,-80,1
142.375,15,1.5,250,36,-90,10
142.25,10,1.6,240,35,-100,20
142.125,13,1.7,230,34,-110,30
142,7.666666667,1.8,220,33,-120,40
141.875,8.066666667,1.9,210,32,-130,50
141.75,8.466666667,2,200,31,-140,100
141.625,8.866666667,2.1,190,30,-150,200
141.5,9.266666667,2.2,180,29,-160,300
141.375,9,2.3,170,28,-170,400
141.25,10,2.4,160,27,-160,500
141.125,12,2.5,150,26,-150,1000
141,11,2.6,140,25,-140,2000
140.875,10,2.7,130,24,-130,3000
140.75,12,2.8,120,23,-120,4000
140.625,9,2.9,110,22,-110,5000
140.5,10,3,100,21,-100,10000
140.375,11,3,90,20,-90,20000
140.25,15,2.9,80,19,-80,30000
140.125,10,2.8,70,18,-70,40000
140,13,2.7,60,17,-60,50000
139.875,7.666666667,2.6,50,16,-50,40000
139.75,8.066666667,2.5,60,17,-40,30000
139.625,8.466666667,2.4,70,18,-30,20000
139.5,8.866666667,2.3,80,19,-20,10000
139.375,9.266666667,2.2,90,20,-10,5000
139.25,9,2.1,100,21,0,4000
139.125,10,2,110,22,10,3000
139,12,1.9,120,23,20,2000
138.875,11,1.8,130,24,30,1000
138.75,10,1.7,140,25,40,500
138.625,12,1.6,150,26,50,400
138.5,9,1.5,160,27,60,300
138.375,10,1.4,170,28,70,200
138.25,11,1.3,180,29,80,100
138.125,15,1.2,190,30,90,50
138,10,1.1,200,40,10,40
137.875,13,1,300,20,80,30
137.75,7.666666667,2,200,13,15,20
137.625,8.066666667,2,180,79,77,10
137.5,8.466666667,1.5,98,2,3,1
137.375,8.866666667,1,96,6,5,0.1
137.25,9.266666667,1,300,41,-40,10000
137.125,9,1.1,290,40,-50,1000
137,10,1.2,280,39,-60,100
136.875,12,1.3,270,38,-70,0.1
136.75,11,1.4,260,37,-80,1
136.625,10,1.5,250,36,-90,10
136.5,12,1.6,240,35,-100,20
136.375,9,1.7,230,34,-110,30
136.25,10,1.8,220,33,-120,40
136.125,11,1.9,210,32,-130,50
136,15,2,200,31,-140,100
135.875,10,2.1,190,30,-150,200
135.75,13,2.2,180,29,-160,300
135.625,7.666666667,2.3,170,28,-170,400
135.5,8.066666667,2.4,160,27,-160,500
135.375,8.466666667,2.5,150,26,-150,1000
135.25,8.866666667,2.6,140,25,-140,2000
135.125,9.266666667,2.7,130,24,-130,3000
135,9,2.8,120,23,-120,4000
134.875,10,2.9,110,22,-110,5000
134.75,12,3,100,21,-100,10000
134.625,11,3,90,20,-90,20000
134.5,10,2.9,80,19,-80,30000
134.375,12,2.8,70,18,-70,40000
134.25,9,2.7,60,17,-60,50000
134.125,10,2.6,50,16,-50,40000
134,11,2.5,60,17,-40,30000
133.875,15,2.4,70,18,-30,20000
133.75,10,2.3,80,19,-20,10000
133.625,13,2.2,90,20,-10,5000
133.5,7.666666667,2.1,100,21,0,4000
133.375,8.066666667,2,110,22,10,3000
133.25,8.466666667,1.9,120,23,20,2000
133.125,8.866666667,1.8,130,24,30,1000
133,9.266666667,1.7,140,25,40,500
132.875,9,1.6,150,26,50,400
132.75,10,1.5,160,27,60,300
132.625,12,1.4,170,28,70,200
132.5,11,1.3,180,29,80,100
132.375,10,1.2,190,30,90,50
132.25,12,1.1,200,40,10,40
132.125,9,1,300,20,80,30
132,10,2,200,13,15,20
131.875,11,2,180,79,77,10
131.75,15,1.5,98,2,3,1
131.625,10,1,96,6,5,0.1
131.5,13,1,300,41,-40,10000
131.375,7.666666667,1.1,290,40,-50,1000
131.25,8.066666667,1.2,280,39,-60,100
131.125,8.466666667,1.3,270,38,-70,0.1
131,8.866666667,1.4,260,37,-80,1
130.875,9.266666667,1.5,250,36,-90,10
130.75,9,1.6,240,35,-100,20
130.625,10,1.7,230,34,-110,30
130.5,12,1.8,220,33,-120,40
130.375,11,1.9,210,32,-130,50
130.25,10,2,200,31,-140,100
130.125,12,2.1,190,30,-150,200
130,9,2.2,180,29,-160,300
129.875,10,2.3,170,28,-170,400
129.75,11,2.4,160,27,-160,500
129.625,15,2.5,150,26,-150,1000
129.5,10,2.6,140,25,-140,2000
129.375,13,2.7,130,24,-130,3000
129.25,7.666666667,2.8,120,23,-120,4000
129.125,8.066666667,2.9,110,22,-110,5000
129,8.466666667,3,100,21,-100,10000
128.875,8.866666667,3,90,20,-90,20000
128.75,9.266666667,2.9,80,19,-80,30000
128.625,9,2.8,70,18,-70,40000
128.5,10,2.7,60,17,-60,50000
128.375,12,2.6,50,16,-50,40000
128.25,11,2.5,60,17,-40,30000
128.125,10,2.4,70,18,-30,20000
128,12,2.3,80,19,-20,10000
127.875,9,2.2,90,20,-10,5000
127.75,10,2.1,100,21,0,4000
127.625,11,2,110,22,10,3000
127.5,15,1.9,120,23,20,2000
127.375,10,1.8,130,24,30,1000
127.25,13,1.7,140,25,40,500
127.125,7.666666667,1.6,150,26,50,400
127,8.066666667,1.5,160,27,60,300
126.875,8.466666667,1.4,170,28,70,200
126.75,8.866666667,1.3,180,29,80,100
126.625,9.266666667,1.2,190,30,90,50
126.5,9,1.1,200,40,10,40
126.375,10,1,300,20,80,30
126.25,12,2,200,13,15,20
126.125,11,2,180,79,77,10
126,10,1.5,98,2,3,1
125.875,12,1,96,6,5,0.1
125.75,11,1.6,240,35,-100,20
125.625,10,1.7,230,34,-110,30
125.5,12,1.8,220,33,-120,40
125.375,9,1.9,210,32,-130,50
125.25,10,2,200,31,-140,100
125.125,11,2.1,190,30,-150,200
125,15,2.2,180,29,-160,300
124.875,10,2.3,170,28,-170,400
124.75,13,2.4,160,27,-160,500
124.625,7.666666667,2.5,150,26,-150,1000
124.5,8.066666667,2.6,140,25,-140,2000
124.375,8.466666667,2.7,130,24,-130,3000
124.25,8.866666667,2.8,120,23,-120,4000
124.125,9.266666667,2.9,110,22,-110,5000
124,9,3,100,21,-100,10000
123.875,10,3,90,20,-90,20000
123.75,12,2.9,80,19,-80,30000
123.625,11,2.8,70,18,-70,40000
123.5,10,2.7,60,17,-60,50000
123.375,12,2.6,50,16,-50,40000
123.25,9,2.5,60,17,-40,30000
123.125,10,2.4,70,18,-30,20000
123,11,2.3,80,19,-20,10000
122.875,15,2.2,90,20,-10,5000
122.75,10,2.1,100,21,0,4000
122.625,13,2,110,22,10,3000
122.5,7.666666667,1.9,120,23,20,2000
122.375,8.066666667,1.8,130,24,30,1000
122.25,8.466666667,1.7,140,25,40,500
122.125,8.866666667,1.6,150,26,50,400
122,9.266666667,1.5,160,27,60,300
121.875,9,1.4,170,28,70,200
121.75,10,1.3,180,29,80,100
121.625,12,1.2,190,30,90,50
121.5,11,1.1,200,40,10,40
121.375,10,1,300,20,80,30
121.25,12,2,200,13,15,20
121.125,9,2,180,79,77,10
121,10,1.5,98,2,3,1
120.875,11,1,96,6,5,0.1
120.75,15,1,300,41,-40,10000
120.625,10,1.1,290,40,-50,1000
120.5,13,1.2,280,39,-60,100
120.375,7.666666667,1.3,270,38,-70,0.1
120.25,8.066666667,1.4,260,37,-80,1
120.125,8.466666667,1.5,250,36,-90,10
120,8.866666667,1.6,240,35,-100,20
119.875,9.266666667,1.7,230,34,-110,30
119.75,9,1.8,220,33,-120,40
119.625,10,1.9,210,32,-130,50
119.5,12,2,200,31,-140,100
119.375,11,2.1,190,30,-150,200
119.25,10,2.2,180,29,-160,300
119.125,12,2.3,170,28,-170,400
119,9,2.4,160,27,-160,500
118.875,10,2.5,150,26,-150,1000
118.75,11,2.6,140,25,-140,2000
118.625,15,2.7,130,24,-130,3000
118.5,10,2.8,120,23,-120,4000
118.375,13,2.9,110,22,-110,5000
118.25,7.666666667,3,100,21,-100,10000
118.125,8.066666667,3,90,20,-90,20000
118,8.466666667,2.9,80,19,-80,30000
117.875,8.866666667,2.8,70,18,-70,40000
117.75,9.266666667,2.7,60,17,-60,50000
117.625,9,2.6,50,16,-50,40000
117.5,10,2.5,60,17,-40,30000
117.375,12,2.4,70,18,-30,20000
117.25,11,2.3,80,19,-20,10000
117.125,10,2.2,90,20,-10,5000
117,12,2.1,100,21,0,4000
116.875,9,2,110,22,10,3000
116.75,10,1.9,120,23,20,2000
116.625,11,1.8,130,24,30,1000
116.5,15,1.7,140,25,40,500
116.375,10,1.6,150,26,50,400
116.25,13,1.5,160,27,60,300
116.125,7.666666667,1.4,170,28,70,200
116,8.066666667,1.3,180,29,80,100
115.875,8.466666667,1.2,190,30,90,50
115.75,8.866666667,1.1,200,40,10,40
115.625,9.266666667,1,300,20,80,30
115.5,9,2,200,13,15,20
115.375,10,2,180,79,77,10
115.25,12,1.5,98,2,3,1
115.125,11,1,96,6,5,0.1
115,10,1,300,41,-40,10000
114.875,12,1.1,290,40,-50,1000
114.75,9,1.2,280,39,-60,100
114.625,10,1.3,270,38,-70,0.1
114.5,11,1.4,260,37,-80,1
114.375,15,1.5,250,36,-90,10
114.25,10,1.6,240,35,-100,20
114.125,13,1.7,230,34,-110,30
114,7.666666667,1.8,220,33,-120,40
113.875,8.066666667,1.9,210,32,-130,50
113.75,8.466666667,2,200,31,-140,100
113.625,8.866666667,2.1,190,30,-150,200
113.5,9.266666667,2.2,180,29,-160,300
113.375,9,2.3,170,28,-170,400
113.25,10,2.4,160,27,-160,500
113.125,12,2.5,150,26,-150,1000
113,11,2.6,140,25,-140,2000
112.875,10,2.7,130,24,-130,3000
112.75,12,2.8,120,23,-120,4000
112.625,9,2.9,110,22,-110,5000
112.5,10,3,100,21,-100,10000
112.375,11,3,90,20,-90,20000
112.25,15,2.9,80,19,-80,30000
112.125,10,2.8,70,18,-70,40000
112,13,2.7,60,17,-60,50000
111.875,7.666666667,2.6,50,16,-50,40000
111.75,8.066666667,2.5,60,17,-40,30000
111.625,8.466666667,2.4,70,18,-30,20000
111.5,8.866666667,2.3,80,19,-20,10000
111.375,9.266666667,2.2,90,20,-10,5000
111.25,9,2.1,100,21,0,4000
111.125,10,2,110,22,10,3000
111,12,1.9,120,23,20,2000
110.875,11,1.8,130,24,30,1000
110.75,10,1.7,140,25,40,500
110.625,12,1.6,150,26,50,400
110.5,9,1.5,160,27,60,300
110.375,10,1.4,170,28,70,200
110.25,11,1.3,180,29,80,100
110.125,15,1.2,190,30,90,50
110,10,1.1,200,40,10,40
109.875,13,1,300,20,80,30
109.75,7.666666667,2,200,13,15,20
109.625,8.066666667,2,180,79,77,10
109.5,8.466666667,1.5,98,2,3,1
109.375,8.866666667,1,96,6,5,0.1
109.25,9.266666667,1,300,41,-40,10000
109.125,9,1.1,290,40,-50,1000
109,10,1.2,280,39,-60,100
108.875,12,1.3,270,38,-70,0.1
108.75,11,1.4,260,37,-80,1
108.625,10,1.5,250,36,-90,10
108.5,12,1.6,240,35,-100,20
108.375,9,1.7,230,34,-110,30
108.25,10,1.8,220,33,-120,40
108.125,11,1.9,210,32,-130,50
108,15,2,200,31,-140,100
107.875,10,2.1,190,30,-150,200
107.75,13,2.2,180,29,-160,300
107.625,7.666666667,2.3,170,28,-170,400
107.5,8.066666667,2.4,160,27,-160,500
107.375,8.466666667,2.5,150,26,-150,1000
107.25,8.866666667,2.6,140,25,-140,2000
107.125,9.266666667,2.7,130,24,-130,3000
107,9,2.8,120,23,-120,4000
106.875,10,2.9,110,22,-110,5000
106.75,12,3,100,21,-100,10000
106.625,11,3,90,20,-90,20000
106.5,10,2.9,80,19,-80,30000
106.375,12,2.8,70,18,-70,40000
106.25,9,2.7,60,17,-60,50000
106.125,10,2.6,50,16,-50,40000
106,11,2.5,60,17,-40,30000
105.875,15,2.4,70,18,-30,20000
105.75,10,2.3,80,19,-20,10000
105.625,13,2.2,90,20,-10,5000
105.5,7.666666667,2.1,100,21,0,4000
105.375,8.066666667,2,110,22,10,3000
105.25,8.466666667,1.9,120,23,20,2000
105.125,8.866666667,1.8,130,24,30,1000
105,9.266666667,1.7,140,25,40,500
104.875,9,1.6,150,26,50,400
104.75,10,1.5,160,27,60,300
104.625,12,1.4,170,28,70,200
104.5,11,1.3,180,29,80,100
104.375,10,1.2,190,30,90,50
104.25,12,1.1,200,40,10,40
104.125,9,1,300,20,80,30
104,10,2,200,13,15,20
103.875,11,2,180,79,77,10
103.75,15,1.5,98,2,3,1
103.625,10,1,96,6,5,0.1
103.5,13,1,300,41,-40,10000
103.375,7.666666667,1.1,290,40,-50,1000
103.25,8.066666667,1.2,280,39,-60,100
103.125,8.466666667,1.3,270,38,-70,0.1
103,8.866666667,1.4,260,37,-80,1
102.875,9.266666667,1.5,250,36,-90,10
102.75,9,1.6,240,35,-100,20
102.625,10,1.7,230,34,-110,30
102.5,12,1.8,220,33,-120,40
102.375,11,1.9,210,32,-130,50
102.25,10,2,200,31,-140,100
102.125,12,2.1,190,30,-150,200
102,9,2.2,180,29,-160,300
101.875,10,2.3,170,28,-170,400
101.75,11,2.4,160,27,-160,500
101.625,15,2.5,150,26,-150,1000
101.5,10,2.6,140,25,-140,2000
101.375,13,2.7,130,24,-130,3000
101.25,7.666666667,2.8,120,23,-120,4000
101.125,8.066666667,2.9,110,22,-110,5000
101,8.466666667,3,100,21,-100,10000
100.875,8.866666667,3,90,20,-90,20000
100.75,9.266666667,2.9,80,19,-80,30000
100.625,9,2.8,70,18,-70,40000
100.5,10,2.7,60,17,-60,50000
100.375,12,2.6,50,16,-50,40000
100.25,11,2.5,60,17,-40,30000
100.125,10,2.4,70,18,-30,20000
100,12,2.3,80,19,-20,10000
99.875,9,2.2,90,20,-10,5000
99.75,10,2.1,100,21,0,4000
99.625,11,2,110,22,10,3000
99.5,15,1.9,120,23,20,2000
99.375,10,1.8,130,24,30,1000
99.25,13,1.7,140,25,40,500
99.125,7.666666667,1.6,150,26,50,400
99,8.066666667,1.5,160,27,60,300
98.875,8.466666667,1.4,170,28,70,200
98.75,8.866666667,1.3,180,29,80,100
98.625,9.266666667,1.2,190,30,90,50
98.5,9,1.1,200,40,10,40
98.375,10,1,300,20,80,30
98.25,12,2,200,13,15,20
98.125,11,2,180,79,77,10
98,10,1.5,98,2,3,1
97.875,12,1,96,6,5,0.1
97.75,9,1,300,41,-40,10000
97.625,10,1.1,290,40,-50,1000
97.5,11,1.2,280,39,-60,100
97.375,15,1.3,270,38,-70,0.1
97.25,10,1.4,260,37,-80,1
97.125,13,1.5,250,36,-90,10
97,7.666666667,1.6,240,35,-100,20
96.875,8.066666667,1.7,230,34,-110,30
96.75,8.466666667,1.8,220,33,-120,40
96.625,8.866666667,1.9,210,32,-130,50
96.5,9.266666667,2,200,31,-140,100
96.375,9,2.1,190,30,-150,200
96.25,10,2.2,180,29,-160,300
96.125,12,2.3,170,28,-170,400
96,11,2.4,160,27,-160,500
95.875,10,2.5,150,26,-150,1000
95.75,12,2.6,140,25,-140,2000
95.625,9,2.7,130,24,-130,3000
95.5,10,2.8,120,23,-120,4000
95.375,11,2.9,110,22,-110,5000
95.25,15,3,100,21,-100,10000
95.125,10,3,90,20,-90,20000
95,13,2.9,80,19,-80,30000
94.875,7.666666667,2.8,70,18,-70,40000
94.75,8.066666667,2.7,60,17,-60,50000
94.625,8.466666667,2.6,50,16,-50,40000
94.5,8.866666667,2.5,60,17,-40,30000
94.375,9.266666667,2.4,70,18,-30,20000
94.25,9,2.3,80,19,-20,10000
94.125,10,2.2,90,20,-10,5000
94,12,2.1,100,21,0,4000
93.875,11,2,110,22,10,3000
93.75,10,1.9,120,23,20,2000
93.625,12,1.8,130,24,30,1000
93.5,9,1.7,140,25,40,500
93.375,10,1.6,150,26,50,400
93.25,11,1.5,160,27,60,300
93.125,15,1.4,170,28,70,200
93,10,1.3,180,29,80,100
92.875,13,1.2,190,30,90,50
92.75,7.666666667,1.1,200,40,10,40
92.625,8.066666667,1,300,20,80,30
92.5,8.466666667,2,200,13,15,20
92.375,8.866666667,2,180,79,77,10
92.25,9.266666667,1.5,98,2,3,1
92.125,9,1,96,6,5,0.1
92,10,1,300,41,-40,10000
91.875,12,1.1,290,40,-50,1000
91.75,11,1.2,280,39,-60,100
91.625,10,1.3,270,38,-70,0.1
91.5,12,1.4,260,37,-80,1
91.375,9,1.5,250,36,-90,10
91.25,10,1.6,240,35,-100,20
91.125,11,1.7,230,34,-110,30
91,15,1.8,220,33,-120,40
90.875,10,1.9,210,32,-130,50
90.75,13,2,200,31,-140,100
90.625,7.666666667,2.1,190,30,-150,200
90.5,8.066666667,2.2,180,29,-160,300
90.375,8.466666667,2.3,170,28,-170,400
90.25,8.866666667,2.4,160,27,-160,500
90.125,9.266666667,2.5,150,26,-150,1000
90,9,2.6,140,25,-140,2000
89.875,10,2.7,130,24,-130,3000
89.75,12,2.8,120,23,-120,4000
89.625,11,2.9,110,22,-110,5000
89.5,10,3,100,21,-100,10000
89.375,12,3,90,20,-90,20000
89.25,9,2.9,80,19,-80,30000
89.125,10,2.8,70,18,-70,40000
89,11,2.7,60,17,-60,50000
88.875,15,2.6,50,16,-50,40000
88.75,10,2.5,60,17,-40,30000
88.625,13,2.4,70,18,-30,20000
88.5,7.666666667,2.3,80,19,-20,10000
88.375,8.066666667,2.2,90,20,-10,5000
88.25,8.466666667,2.1,100,21,0,4000
88.125,8.866666667,2,110,22,10,3000
88,9.266666667,1.9,120,23,20,2000
87.875,9,1.8,130,24,30,1000
87.75,10,1.7,140,25,40,500
87.625,12,1.6,150,26,50,400
87.5,11,1.5,160,27,60,300
87.375,10,1.4,170,28,70,200
87.25,12,1.3,180,29,80,100
87.125,9,1.2,190,30,90,50
87,10,1.1,200,40,10,40
86.875,11,1,300,20,80,30
86.75,15,2,200,13,15,20
86.625,10,2,180,79,77,10
86.5,13,1.5,98,2,3,1
86.375,7.666666667,1,96,6,5,0.1
86.25,8.066666667,1,300,41,-40,10000
86.125,8.466666667,1.1,290,40,-50,1000
86,8.866666667,1.2,280,39,-60,100
85.875,9.266666667,1.3,270,38,-70,0.1
85.75,9,1.4,260,37,-80,1
85.625,10,1.5,250,36,-90,10
85.5,12,1.6,240,35,-100,20
85.375,11,1.7,230,34,-110,30
85.25,10,1.8,220,33,-120,40
85.125,12,1.9,210,32,-130,50
85,9,2,200,31,-140,100
84.875,10,2.1,190,30,-150,200
84.75,11,2.2,180,29,-160,300
84.625,15,2.3,170,28,-170,400
84.5,10,2.4,160,27,-160,500
84.375,13,2.5,150,26,-150,1000
84.25,7.666666667,2.6,140,25,-140,2000
84.125,8.066666667,2.7,130,24,-130,3000
84,8.466666667,2.8,120,23,-120,4000
83.875,8.866666667,2.9,110,22,-110,5000
83.75,9.266666667,3,100,21,-100,10000
83.625,9,3,90,20,-90,20000
83.5,10,2.9,80,19,-80,30000
83.375,12,2.8,70,18,-70,40000
83.25,11,2.7,60,17,-60,50000
83.125,10,2.6,50,16,-50,40000
83,12,2.5,60,17,-40,30000
82.875,9,2.4,70,18,-30,20000
82.75,10,2.3,80,19,-20,10000
82.625,11,2.2,90,20,-10,5000
82.5,15,2.1,100,21,0,4000
82.375,10,2,110,22,10,3000
82.25,13,1.9,120,23,20,2000
82.125,7.666666667,1.8,130,24,30,1000
82,8.066666667,1.7,140,25,40,500
81.875,8.466666667,1.6,150,26,50,400
81.75,8.866666667,1.5,160,27,60,300
81.625,9.266666667,1.4,170,28,70,200
81.5,9,1.3,180,29,80,100
81.375,10,1.2,190,30,90,50
81.25,12,1.1,200,40,10,40
81.125,11,1,300,20,80,30
81,10,2,200,13,15,20
80.875,12,2,180,79,77,10
80.75,9,1.5,98,2,3,1
80.625,10,1,96,6,5,0.1
80.5,11,1,300,41,-40,10000
80.375,15,1.1,290,40,-50,1000
80.25,10,1.2,280,39,-60,100
80.125,13,1.3,270,38,-70,0.1
80,7.666666667,1.4,260,37,-80,1
79.875,8.066666667,1.5,250,36,-90,10
79.75,8.466666667,1.6,240,35,-100,20
79.625,8.866666667,1.7,230,34,-110,30
79.5,9.266666667,1.8,220,33,-120,40
79.375,9,1.9,210,32,-130,50
79.25,10,2,200,31,-140,100
79.125,12,2.1,190,30,-150,200
79,11,2.2,180,29,-160,300
78.875,10,2.3,170,28,-170,400
78.75,12,2.4,160,27,-160,500
78.625,9,2.5,150,26,-150,1000
78.5,10,2.6,140,25,-140,2000
78.375,11,2.7,130,24,-130,3000
78.25,15,2.8,120,23,-120,4000
78.125,10,2.9,110,22,-110,5000
78,13,3,100,21,-100,10000
77.875,7.666666667,3,90,20,-90,20000
77.75,8.066666667,2.9,80,19,-80,30000
77.625,8.466666667,2.8,70,18,-70,40000
77.5,8.866666667,2.7,60,17,-60,50000
77.375,9.266666667,2.6,50,16,-50,40000
77.25,9,2.5,60,17,-40,30000
77.125,10,2.4,70,18,-30,20000
77,12,2.3,80,19,-20,10000
76.875,11,2.2,90,20,-10,5000
76.75,10,2.1,100,21,0,4000
76.625,12,2,110,22,10,3000
76.5,9,1.9,120,23,20,2000
76.375,10,1.8,130,24,30,1000
76.25,11,1.7,140,25,40,500
76.125,15,1.6,150,26,50,400
76,10,1.5,160,27,60,300
75.875,13,1.4,170,28,70,200
75.75,7.666666667,1.3,180,29,80,100
75.625,8.066666667,1.2,190,30,90,50
75.5,8.466666667,1.1,200,40,10,40
75.375,8.866666667,1,300,20,80,30
75.25,9.266666667,2,200,13,15,20
75.125,9,2,180,79,77,10
75,10,1.5,98,2,3,1
74.875,12,1,96,6,5,0.1
74.75,11,1,300,41,-40,10000
74.625,10,1.1,290,40,-50,1000
74.5,12,1.2,280,39,-60,100
74.375,9,1.3,270,38,-70,0.1
74.25,10,1.4,260,37,-80,1
74.125,11,1.5,250,36,-90,10
74,15,1.6,240,35,-100,20
73.875,10,1.7,230,34,-110,30
73.75,13,1.8,220,33,-120,40
73.625,7.666666667,1.9,210,32,-130,50
73.5,8.066666667,2,200,31,-140,100
73.375,8.466666667,2.1,190,30,-150,200
73.25,8.866666667,2.2,180,29,-160,300
73.125,9.266666667,2.3,170,28,-170,400
73,9,2.4,160,27,-160,500
72.875,10,2.5,150,26,-150,1000
72.75,12,2.6,140,25,-140,2000
72.625,11,2.7,130,24,-130,3000
72.5,10,2.8,120,23,-120,4000
72.375,12,2.9,110,22,-110,5000
72.25,9,3,100,21,-100,10000
72.125,10,3,90,20,-90,20000
72,11,2.9,80,19,-80,30000
71.875,15,2.8,70,18,-70,40000
71.75,10,2.7,60,17,-60,50000
71.625,13,2.6,50,16,-50,40000
71.5,7.666666667,2.5,60,17,-40,30000
71.375,8.066666667,2.4,70,18,-30,20000
71.25,8.466666667,2.3,80,19,-20,10000
71.125,8.866666667,2.2,90,20,-10,5000
71,9.266666667,2.1,100,21,0,4000
70.875,9,2,110,22,10,3000
70.75,10,1.9,120,23,20,2000
70.625,12,1.8,130,24,30,1000
70.5,11,1.7,140,25,40,500
70.375,10,1.6,150,26,50,400
70.25,12,1.5,160,27,60,300
70.125,9,1.4,170,28,70,200
70,10,1.3,180,29,80,100
69.875,11,1.2,190,30,90,50
69.75,15,1.1,200,40,10,40
69.625,10,1,300,20,80,30
69.5,13,2,200,13,15,20
69.375,7.666666667,2,180,79,77,10
69.25,8.066666667,1.5,98,2,3,1
69.125,8.466666667,1,96,6,5,0.1
69,8.866666667,1,300,41,-40,10000
68.875,9.266666667,1.1,290,40,-50,1000
68.75,9,1.2,280,39,-60,100
68.625,10,1.3,270,38,-70,0.1
68.5,12,1.4,260,37,-80,1
68.375,11,1.5,250,36,-90,10
68.25,10,1.6,240,35,-100,20
68.125,12,1.7,230,34,-110,30
68,9,1.8,220,33,-120,40
67.875,10,1.9,210,32,-130,50
67.75,11,2,200,31,-140,100
67.625,15,2.1,190,30,-150,200
67.5,10,2.2,180,29,-160,300
67.375,13,2.3,170,28,-170,400
67.25,7.666666667,2.4,160,27,-160,500
67.125,8.066666667,2.5,150,26,-150,1000
67,8.466666667,2.6,140,25,-140,2000
66.875,8.866666667,2.7,130,24,-130,3000
66.75,9.266666667,2.8,120,23,-120,4000
66.625,9,2.9,110,22,-110,5000
66.5,10,3,100,21,-100,10000
66.375,12,3,90,20,-90,20000
66.25,11,2.9,80,19,-80,30000
66.125,10,2.8,70,18,-70,40000
66,12,2.7,60,17,-60,50000
65.875,9,2.6,50,16,-50,40000
65.75,10,2.5,60,17,-40,30000
65.625,11,2.4,70,18,-30,20000
65.5,15,2.3,80,19,-20,10000
65.375,10,2.2,90,20,-10,5000
65.25,13,2.1,100,21,0,4000
65.125,7.666666667,2,110,22,10,3000
65,8.066666667,1.9,120,23,20,2000
64.875,8.466666667,1.8,130,24,30,1000
64.75,8.866666667,1.7,140,25,40,500
64.625,9.266666667,1.6,150,26,50,400
64.5,9,1.5,160,27,60,300
64.375,10,1.4,170,28,70,200
64.25,12,1.3,180,29,80,100
64.125,11,1.2,190,30,90,50
64,10,1.1,200,40,10,40
63.875,12,1,300,20,80,30
63.75,9,2,200,13,15,20
63.625,10,2,180,79,77,10
63.5,11,1.5,98,2,3,1
63.375,15,1,96,6,5,0.1
63.25,10,1,300,41,-40,10000
63.125,13,1.1,290,40,-50,1000
63,7.666666667,1.2,280,39,-60,100
62.875,8.066666667,1.3,270,38,-70,0.1
62.75,8.466666667,1.4,260,37,-80,1
62.625,8.866666667,1.5,250,36,-90,10
62.5,9.266666667,1.6,240,35,-100,20
62.375,9,1.7,230,34,-110,30
62.25,10,1.8,220,33,-120,40
62.125,12,1.9,210,32,-130,50
62,11,2,200,31,-140,100
61.875,10,2.1,190,30,-150,200
61.75,12,2.2,180,29,-160,300
61.625,9,2.3,170,28,-170,400
61.5,10,2.4,160,27,-160,500
61.375,11,2.5,150,26,-150,1000
61.25,15,2.6,140,25,-140,2000
61.125,10,2.7,130,24,-130,3000
61,13,2.8,120,23,-120,4000
60.875,7.666666667,2.9,110,22,-110,5000
60.75,8.066666667,3,100,21,-100,10000
60.625,8.466666667,3,90,20,-90,20000
60.5,8.866666667,2.9,80,19,-80,30000
60.375,9.266666667,2.8,70,18,-70,40000
60.25,9,2.7,60,17,-60,50000
60.125,10,2.6,50,16,-50,40000
60,12,2.5,60,17,-40,30000
59.875,11,2.4,70,18,-30,20000
59.75,10,2.3,80,19,-20,10000
59.625,12,2.2,90,20,-10,5000
59.5,9,2.1,100,21,0,4000
59.375,10,2,110,22,10,3000
59.25,11,1.9,120,23,20,2000
59.125,15,1.8,130,24,30,1000
59,10,1.7,140,25,40,500
58.875,13,1.6,150,26,50,400
58.75,7.666666667,1.5,160,27,60,300
58.625,8.066666667,1.4,170,28,70,200
58.5,8.466666667,1.3,180,29,80,100
58.375,8.866666667,1.2,190,30,90,50
58.25,9.266666667,1.1,200,40,10,40
58.125,9,1,300,20,80,30
58,10,2,200,13,15,20
57.875,12,2,180,79,77,10
57.75,11,1.5,98,2,3,1
57.625,10,1,96,6,5,0.1
57.5,12,1,300,41,-40,10000
57.375,9,1.1,290,40,-50,1000
57.25,10,1.2,280,39,-60,100
57.125,11,1.3,270,38,-70,0.1
57,15,1.4,260,37,-80,1
56.875,10,1.5,250,36,-90,10
56.75,13,1.6,240,35,-100,20
56.625,7.666666667,1.7,230,34,-110,30
56.5,8.066666667,1.8,220,33,-120,40
56.375,8.466666667,1.9,210,32,-130,50
56.25,8.866666667,2,200,31,-140,100
56.125,9.266666667,2.1,190,30,-150,200
56,9,2.2,180,29,-160,300
55.875,10,2.3,170,28,-170,400
55.75,12,2.4,160,27,-160,500
55.625,11,2.5,150,26,-150,1000
55.5,10,2.6,140,25,-140,2000
55.375,12,2.7,130,24,-130,3000
55.25,9,2.8,120,23,-120,4000
55.125,10,2.9,110,22,-110,5000
55,11,3,100,21,-100,10000
54.875,15,3,90,20,-90,20000
54.75,10,2.9,80,19,-80,30000
54.625,13,2.8,70,18,-70,40000
54.5,7.666666667,2.7,60,17,-60,50000
54.375,8.066666667,2.6,50,16,-50,40000
54.25,8.466666667,2.5,60,17,-40,30000
54.125,8.866666667,2.4,70,18,-30,20000
54,9.266666667,2.3,80,19,-20,10000
53.875,9,2.2,90,20,-10,5000
53.75,10,2.1,100,21,0,4000
53.625,12,2,110,22,10,3000
53.5,11,1.9,120,23,20,2000
53.375,10,1.8,130,24,30,1000
53.25,12,1.7,140,25,40,500
53.125,9,1.6,150,26,50,400
53,10,1.5,160,27,60,300
52.875,11,1.4,170,28,70,200
52.75,15,1.3,180,29,80,100
52.625,10,1.2,190,30,90,50
52.5,13,1.1,200,40,10,40
52.375,7.666666667,1,300,20,80,30
52.25,8.066666667,2,200,13,15,20
52.125,8.466666667,2,180,79,77,10
52,8.866666667,1.5,98,2,3,1
51.875,9.266666667,1,96,6,5,0.1
51.75,9,1,300,41,-40,10000
51.625,10,1.1,290,40,-50,1000
51.5,12,1.2,280,39,-60,100
51.375,11,1.3,270,38,-70,0.1
51.25,10,1.4,260,37,-80,1
51.125,12,1.5,250,36,-90,10
51,9,1.6,240,35,-100,20
50.875,10,1.7,230,34,-110,30
50.75,11,1.8,220,33,-120,40
50.625,15,1.9,210,32,-130,50
50.5,10,2,200,31,-140,100
50.375,13,2.1,190,30,-150,200
50.25,7.666666667,2.2,180,29,-160,300
50.125,8.066666667,2.3,170,28,-170,400
50,8.466666667,2.4,160,27,-160,500
49.875,8.866666667,2.5,150,26,-150,1000
49.75,9.266666667,2.6,140,25,-140,2000
49.625,9,2.7,130,24,-130,3000
49.5,10,2.8,120,23,-120,4000
49.375,12,2.9,110,22,-110,5000
49.25,11,3,100,21,-100,10000
49.125,10,3,90,20,-90,20000
49,12,2.9,80,19,-80,30000
48.875,9,2.8,70,18,-70,40000
48.75,10,2.7,60,17,-60,50000
48.625,11,2.6,50,16,-50,40000
48.5,15,2.5,60,17,-40,30000
48.375,10,2.4,70,18,-30,20000
48.25,13,2.3,80,19,-20,10000
48.125,7.666666667,2.2,90,20,-10,5000
48,8.066666667,2.1,100,21,0,4000
47.875,8.466666667,2,110,22,10,3000
47.75,8.866666667,1.9,120,23,20,2000
47.625,9.266666667,1.8,130,24,30,1000
47.5,9,1.7,140,25,40,500
47.375,10,1.6,150,26,50,400
47.25,12,1.5,160,27,60,300
47.125,11,1.4,170,28,70,200
47,10,1.3,180,29,80,100
46.875,12,1.2,190,30,90,50
46.75,9,1.1,200,40,10,40
46.625,10,1,300,20,80,30
46.5,11,2,200,13,15,20
46.375,15,2,180,79,77,10
46.25,10,1.5,98,2,3,1
46.125,13,1,96,6,5,0.1
46,7.666666667,1,300,41,-40,10000
45.875,8.066666667,1.1,290,40,-50,1000
45.75,8.466666667,1.2,280,39,-60,100
45.625,8.866666667,1.3,270,38,-70,0.1
45.5,9.266666667,1.4,260,37,-80,1
45.375,9,1.5,250,36,-90,10
45.25,10,1.6,240,35,-100,20
45.125,12,1.7,230,34,-110,30
45,11,1.8,220,33,-120,40
44.875,10,1.9,210,32,-130,50
44.75,12,2,200,31,-140,100
44.625,9,2.1,190,30,-150,200
44.5,10,2.2,180,29,-160,300
44.375,11,2.3,170,28,-170,400
44.25,15,2.4,160,27,-160,500
44.125,10,2.5,150,26,-150,1000
44,13,2.6,140,25,-140,2000
43.875,7.666666667,2.7,130,24,-130,3000
43.75,8.066666667,2.8,120,23,-120,4000
43.625,8.466666667,2.9,110,22,-110,5000
43.5,8.866666667,3,100,21,-100,10000
43.375,9.266666667,3,90,20,-90,20000
43.25,9,2.9,80,19,-80,30000
43.125,10,2.8,70,18,-70,40000
43,12,2.7,60,17,-60,50000
42.875,11,2.6,50,16,-50,40000
42.75,10,2.5,60,17,-40,30000
42.625,12,2.4,70,18,-30,20000
42.5,9,2.3,80,19,-20,10000
42.375,10,2.2,90,20,-10,5000
42.25,11,2.1,100,21,0,4000
42.125,15,2,110,22,10,3000
42,10,1.9,120,23,20,2000
41.875,13,1.8,130,24,30,1000
41.75,7.666666667,1.7,140,25,40,500
41.625,8.066666667,1.6,150,26,50,400
41.5,8.466666667,1.5,160,27,60,300
41.375,8.866666667,1.4,170,28,70,200
41.25,9.266666667,1.3,180,29,80,100
41.125,9,1.2,190,30,90,50
41,10,1.1,200,40,10,40
40.875,12,1,300,20,80,30
40.75,11,2,200,13,15,20
40.625,10,2,180,79,77,10
40.5,12,1.5,98,2,3,1
40.375,9,1,96,6,5,0.1
40.25,10,1,300,41,-40,10000
40.125,11,1.1,290,40,-50,1000
40,15,1.2,280,39,-60,100
39.875,10,1.3,270,38,-70,0.1
39.75,13,1.4,260,37,-80,1
39.625,7.666666667,1.5,250,36,-90,10
39.5,8.066666667,1.6,240,35,-100,20
39.375,8.466666667,1.7,230,34,-110,30
39.25,8.866666667,1.8,220,33,-120,40
39.125,9.266666667,1.9,210,32,-130,50
39,9,2,200,31,-140,100
38.875,10,2.1,190,30,-150,200
38.75,12,2.2,180,29,-160,300
38.625,11,2.3,170,28,-170,400
38.5,10,2.4,160,27,-160,500
38.375,12,2.5,150,26,-150,1000
38.25,9,2.6,140,25,-140,2000
38.125,10,2.7,130,24,-130,3000
38,11,2.8,120,23,-120,4000
37.875,15,2.9,110,22,-110,5000
37.75,10,3,100,21,-100,10000
37.625,13,3,90,20,-90,20000
37.5,7.666666667,2.9,80,19,-80,30000
37.375,8.066666667,2.8,70,18,-70,40000
37.25,8.466666667,2.7,60,17,-60,50000
37.125,8.866666667,2.6,50,16,-50,40000
37,9.266666667,2.5,60,17,-40,30000
36.875,9,2.4,70,18,-30,20000
36.75,10,2.3,80,19,-20,10000
36.625,12,2.2,90,20,-10,5000
36.5,11,2.1,100,21,0,4000
36.375,10,2,110,22,10,3000
36.25,12,1.9,120,23,20,2000
36.125,9,1.8,130,24,30,1000
36,10,1.7,140,25,40,500
35.875,11,1.6,150,26,50,400
35.75,15,1.5,160,27,60,300
35.625,10,1.4,170,28,70,200
35.5,13,1.3,180,29,80,100
35.375,7.666666667,1.2,190,30,90,50
35.25,8.066666667,1.1,200,40,10,40
35.125,8.466666667,1,300,20,80,30
35,8.866666667,2,200,13,15,20
34.875,9.266666667,2,180,79,77,10
34.75,9,1.5,98,2,3,1
34.625,10,1,96,6,5,0.1
34.5,12,1,300,41,-40,10000
34.375,11,1.1,290,40,-50,1000
34.25,10,1.2,280,39,-60,100
34.125,12,1.3,270,38,-70,0.1
34,9,1.4,260,37,-80,1
33.875,10,1.5,250,36,-90,10
33.75,11,1.6,240,35,-100,20
33.625,15,1.7,230,34,-110,30
33.5,10,1.8,220,33,-120,40
33.375,13,1.9,210,32,-130,50
33.25,7.666666667,2,200,31,-140,100
33.125,8.066666667,2.1,190,30,-150,200
33,8.466666667,2.2,180,29,-160,300
32.875,8.866666667,2.3,170,28,-170,400
32.75,9.266666667,2.4,160,27,-160,500
32.625,9,2.5,150,26,-150,1000
32.5,10,2.6,140,25,-140,2000
32.375,12,2.7,130,24,-130,3000
32.25,11,2.8,120,23,-120,4000
32.125,10,2.9,110,22,-110,5000
32,12,3,100,21,-100,10000
31.875,9,3,90,20,-90,20000
31.75,10,2.9,80,19,-80,30000
31.625,11,2.8,70,18,-70,40000
31.5,15,2.7,60,17,-60,50000
31.375,10,2.6,50,16,-50,40000
31.25,13,2.5,60,17,-40,30000
31.125,7.666666667,2.4,70,18,-30,20000
31,8.066666667,2.3,80,19,-20,10000
30.875,8.466666667,2.2,90,20,-10,5000
30.75,8.866666667,2.1,100,21,0,4000
30.625,9.266666667,2,110,22,10,3000
30.5,9,1.9,120,23,20,2000
30.375,10,1.8,130,24,30,1000
30.25,12,1.7,140,25,40,500
30.125,11,1.6,150,26,50,400
30,10,1.5,160,27,60,300
29.875,12,1.4,170,28,70,200
29.75,9,1.3,180,29,80,100
29.625,10,1.2,190,30,90,50
29.5,11,1.1,200,40,10,40
29.375,15,1,300,20,80,30
29.25,10,2,200,13,15,20
29.125,13,2,180,79,77,10
29,7.666666667,1.5,98,2,3,1
28.875,8.066666667,1,96,6,5,0.1
28.75,8.466666667,1,300,41,-40,10000
28.625,8.866666667,1.1,290,40,-50,1000
28.5,9.266666667,1.2,280,39,-60,100
28.375,9,1.3,270,38,-70,0.1
28.25,10,1.4,260,37,-80,1
28.125,12,1.5,250,36,-90,10
28,11,1.6,240,35,-100,20
27.875,10,1.7,230,34,-110,30
27.75,12,1.8,220,33,-120,40
27.625,9,1.9,210,32,-130,50
27.5,10,2,200,31,-140,100
27.375,11,2.1,190,30,-150,200
27.25,15,2.2,180,29,-160,300
27.125,10,2.3,170,28,-170,400
27,13,2.4,160,27,-160,500
26.875,7.666666667,2.5,150,26,-150,1000
26.75,8.066666667,2.6,140,25,-140,2000
26.625,8.466666667,2.7,130,24,-130,3000
26.5,8.866666667,2.8,120,23,-120,4000
26.375,9.266666667,2.9,110,22,-110,5000
26.25,9,3,100,21,-100,10000
26.125,10,3,90,20,-90,20000
26,12,2.9,80,19,-80,30000
25.875,11,2.8,70,18,-70,40000
25.75,10,2.7,60,17,-60,50000
25.625,12,2.6,50,16,-50,40000
25.5,9,2.5,60,17,-40,30000
25.375,10,2.4,70,18,-30,20000
25.25,11,2.3,80,19,-20,10000
25.125,15,2.2,90,20,-10,5000
25,10,2.1,100,21,0,4000
24.875,13,2,110,22,10,3000
24.75,7.666666667,1.9,120,23,20,2000
24.625,8.066666667,1.8,130,24,30,1000
24.5,8.466666667,1.7,140,25,40,500
24.375,8.866666667,1.6,150,26,50,400
24.25,9.266666667,1.5,160,27,60,300
24.125,9,1.4,170,28,70,200
24,10,1.3,180,29,80,100
23.875,12,1.2,190,30,90,50
23.75,11,1.1,200,40,10,40
23.625,10,1,300,20,80,30
23.5,12,2,200,13,15,20
23.375,9,2,180,79,77,10
23.25,10,1.5,98,2,3,1
23.125,11,1,96,6,5,0.1
23,15,1,300,41,-40,10000
22.875,10,1.1,290,40,-50,1000
22.75,13,1.2,280,39,-60,100
22.625,7.666666667,1.3,270,38,-70,0.1
22.5,8.066666667,1.4,260,37,-80,1
22.375,8.466666667,1.5,250,36,-90,10
22.25,8.866666667,1.6,240,35,-100,20
22.125,9.266666667,1.7,230,34,-110,30
22,9,1.8,220,33,-120,40
21.875,10,1.9,210,32,-130,50
21.75,12,2,200,31,-140,100
21.625,11,2.1,190,30,-150,200
21.5,10,2.2,180,29,-160,300
21.375,12,2.3,170,28,-170,400
21.25,9,2.4,160,27,-160,500
21.125,10,2.5,150,26,-150,1000
21,11,2.6,140,25,-140,2000
20.875,15,2.7,130,24,-130,3000
20.75,10,2.8,120,23,-120,4000
20.625,13,2.9,110,22,-110,5000
20.5,7.666666667,3,100,21,-100,10000
20.375,8.066666667,3,90,20,-90,20000
20.25,8.466666667,2.9,80,19,-80,30000
20.125,8.866666667,2.8,70,18,-70,40000
20,9.266666667,2.7,60,17,-60,50000
19.875,9,2.6,50,16,-50,40000
19.75,10,2.5,60,17,-40,30000
19.625,12,2.4,70,18,-30,20000
19.5,11,2.3,80,19,-20,10000
19.375,10,2.2,90,20,-10,5000
19.25,12,2.1,100,21,0,4000
19.125,9,2,110,22,10,3000
19,10,1.9,120,23,20,2000
18.875,11,1.8,130,24,30,1000
18.75,15,1.7,140,25,40,500
18.625,10,1.6,150,26,50,400
18.5,13,1.5,160,27,60,300
18.375,7.666666667,1.4,170,28,70,200
18.25,8.066666667,1.3,180,29,80,100
18.125,8.466666667,1.2,190,30,90,50
18,8.866666667,1.1,200,40,10,40
17.875,9.266666667,1,300,20,80,30
17.75,9,2,200,13,15,20
17.625,10,2,180,79,77,10
17.5,12,1.5,98,2,3,1
17.375,11,1,96,6,5,0.1
17.25,10,1,300,41,-40,10000
17.125,12,1.1,290,40,-50,1000
17,9,1.2,280,39,-60,100
16.875,10,1.3,270,38,-70,0.1
16.75,11,1.4,260,37,-80,1
16.625,15,1.5,250,36,-90,10
16.5,10,1.6,240,35,-100,20
16.375,13,1.7,230,34,-110,30
16.25,7.666666667,1.8,220,33,-120,40
16.125,8.066666667,1.9,210,32,-130,50
16,8.466666667,2,200,31,-140,100
15.875,8.866666667,2.1,190,30,-150,200
15.75,9.266666667,2.2,180,29,-160,300
15.625,9,2.3,170,28,-170,400
15.5,10,2.4,160,27,-160,500
15.375,12,2.5,150,26,-150,1000
15.25,11,2.6,140,25,-140,2000
15.125,10,2.7,130,24,-130,3000
15,12,2.8,120,23,-120,4000
14.875,9,2.9,110,22,-110,5000
14.75,10,3,100,21,-100,10000
14.625,11,3,90,20,-90,20000
14.5,15,2.9,80,19,-80,30000
14.375,10,2.8,70,18,-70,40000
14.25,13,2.7,60,17,-60,50000
14.125,7.666666667,2.6,50,16,-50,40000
14,8.066666667,2.5,60,17,-40,30000
13.875,8.466666667,2.4,70,18,-30,20000
13.75,8.866666667,2.3,80,19,-20,10000
13.625,9.266666667,2.2,90,20,-10,5000
13.5,9,2.1,100,21,0,4000
13.375,10,2,110,22,10,3000
13.25,12,1.9,120,23,20,2000
13.125,11,1.8,130,24,30,1000
13,10,1.7,140,25,40,500
12.875,12,1.6,150,26,50,400
12.75,9,1.5,160,27,60,300
12.625,10,1.4,170,28,70,200
12.5,11,1.3,180,29,80,100
12.375,15,1.2,190,30,90,50
12.25,10,1.1,200,40,10,40
12.125,13,1,300,20,80,30
12,7.666666667,2,200,13,15,20
11.875,8.066666667,2,180,79,77,10
11.75,8.466666667,1.5,98,2,3,1
11.625,8.866666667,1,96,6,5,0.1
11.5,9.266666667,1,300,41,-40,10000
11.375,9,1.1,290,40,-50,1000
11.25,10,1.2,280,39,-60,100
11.125,12,1.3,270,38,-70,0.1
11,11,1.4,260,37,-80,1
10.875,10,1.5,250,36,-90,10
10.75,12,1.6,240,35,-100,20
10.625,9,1.7,230,34,-110,30
10.5,10,1.8,220,33,-120,40
10.375,11,1.9,210,32,-130,50
10.25,15,2,200,31,-140,100
10.125,10,2.1,190,30,-150,200
10,13,2.2,180,29,-160,300
9.875,7.666666667,2.3,170,28,-170,400
9.75,8.066666667,2.4,160,27,-160,500
9.625,8.466666667,2.5,150,26,-150,1000
9.5,8.866666667,2.6,140,25,-140,2000
9.375,9.266666667,2.7,130,24,-130,3000
9.25,9,2.8,120,23,-120,4000
9.125,10,2.9,110,22,-110,5000
9,12,3,100,21,-100,10000
8.875,11,3,90,20,-90,20000
8.75,10,2.9,80,19,-80,30000
8.625,12,2.8,70,18,-70,40000
8.5,9,2.7,60,17,-60,50000
8.375,10,2.6,50,16,-50,40000
8.25,11,2.5,60,17,-40,30000
8.125,15,2.4,70,18,-30,20000
8,10,2.3,80,19,-20,10000
7.875,13,2.2,90,20,-10,5000
7.75,7.666666667,2.1,100,21,0,4000
7.625,8.066666667,2,110,22,10,3000
7.5,8.466666667,1.9,120,23,20,2000
7.375,8.866666667,1.8,130,24,30,1000
7.25,9.266666667,1.7,140,25,40,500
7.125,9,1.6,150,26,50,400
7,10,1.5,160,27,60,300
6.875,12,1.4,170,28,70,200
6.75,11,1.3,180,29,80,100
6.625,10,1.2,190,30,90,50
6.5,12,1.1,200,40,10,40
6.375,9,1,300,20,80,30
6.25,10,2,200,13,15,20
6.125,11,2,180,79,77,10
6,15,1.5,98,2,3,1
5.875,10,1,96,6,5,0.1
5.75,13,1,300,41,-40,10000
5.625,7.666666667,1.1,290,40,-50,1000
5.5,8.066666667,1.2,280,39,-60,100
5.375,8.466666667,1.3,270,38,-70,0.1
5.25,8.866666667,1.4,260,37,-80,1
5.125,9.266666667,1.5,250,36,-90,10
5,9,1.6,240,35,-100,20
4.875,10,1.7,230,34,-110,30
4.75,12,1.8,220,33,-120,40
4.625,11,1.9,210,32,-130,50
4.5,10,2,200,31,-140,100
4.375,12,2.1,190,30,-150,200
4.25,9,2.2,180,29,-160,300
4.125,10,2.3,170,28,-170,400
4,11,2.4,160,27,-160,500
3.875,15,2.5,150,26,-150,1000
3.75,10,2.6,140,25,-140,2000
3.625,13,2.7,130,24,-130,3000
3.5,7.666666667,2.8,120,23,-120,4000
3.375,8.066666667,2.9,110,22,-110,5000
3.25,8.466666667,3,100,21,-100,10000
3.125,8.866666667,3,90,20,-90,20000
3,9.266666667,2.9,80,19,-80,30000
2.875,9,2.8,70,18,-70,40000
2.75,10,2.7,60,17,-60,50000
2.625,12,2.6,50,16,-50,40000
2.5,11,2.5,60,17,-40,30000
2.375,10,2.4,70,18,-30,20000
2.25,12,2.3,80,19,-20,10000
2.125,9,2.2,90,20,-10,5000
2,10,2.1,100,21,0,4000
1.875,11,2,110,22,10,3000
1.75,15,1.9,120,23,20,2000
1.625,10,1.8,130,24,30,1000
1.5,13,1.7,140,25,40,500
1.375,7.666666667,1.6,150,26,50,400
1.25,8.066666667,1.5,160,27,60,300
1.125,8.466666667,1.4,170,28,70,200
1,8.866666667,1.3,180,29,80,100
0.875,9.266666667,1.2,190,30,90,50
0.75,9,1.1,200,40,10,40
0.625,10,1,300,20,80,30
0.5,12,2,200,13,15,20
0.375,11,2,180,79,77,10
0.25,10,1.5,98,2,3,1
0.125,12,1,96,6,5,0.1
